<NamingSystem xmlns="http://hl7.org/fhir">
  <id value="DataStandardsWales-CTMUHB-PAS-Practitioner-Identifier"/> 
  <name value="CTMUHBPASPractitionerIdentifier"/> 
  <status value="active" />
  <kind value="identifier"/>   
  <date value="2025-06-04" />
  <publisher value="NHS Wales" />
  <responsible value="Cwm Taf Morgannwg University Health Board"/> 
  <description value="This namespace indicates a Cwm Taf Morgannwg University Health Board PAS practitioner identifier"/> 
  <usage value="Practitioner identity"/> 
  <uniqueId> 
    <type value="uri"/> 
    <value value="https://fhir.ctmuhb.nhs.wales/Id/pas-practitioner-identifier"/> 
    <preferred value="true"/>
  </uniqueId>
</NamingSystem> 