<NamingSystem xmlns="http://hl7.org/fhir">
  <id value="DataStandardsWales-GPCluster-Code"/> 
  <name value="GPClusterCode"/> 
   <status value="active" />
  <kind value="identifier"/>  
  <date value="2023-11-10" />
  <publisher value="NHS Wales" />
  <responsible value="NHS Wales Informatics Service"/> 
  <description value="This namespace indicates a Wales GP Cluster code"/> 
  <usage value="Organization identity"/> 
  <uniqueId> 
    <type value="uri"/> 
    <value value="https://fhir.nhs.wales/Id/gpcluster-code"/> 
    <preferred value="true"/> 
  </uniqueId>
</NamingSystem>   