<NamingSystem xmlns="http://hl7.org/fhir">
  <id value="DataStandardsWales-BCUHB-PAS-Identifier"/> 
  <name value="BCUHBPASIdentifier"/>
  <status value="active" />
  <kind value="identifier"/>   
  <date value="2024-09-27" />
  <publisher value="NHS Wales" />
  <responsible value="Betsi Cadwaladr University Health Board"/> 
  <description value="This namespace indicates a Betsi Cadwaladr University Health Board PAS patient identifier. All BCUHB PAS instances have been consolidated into one system and the BCUHB namespace is now the primary identifier."/> 
  <usage value="Patient identity"/> 
  <uniqueId> 
    <type value="uri"/> 
    <value value="https://fhir.bcuhb.nhs.wales/Id/pas-identifier"/> 
    <preferred value="true"/> 
  </uniqueId>
  <uniqueId> 
    <type value="oid"/> 
    <value value="2.16.840.1.113883.2.1.8.1.3.109"/>     
  </uniqueId>  
</NamingSystem> 