<NamingSystem xmlns="http://hl7.org/fhir">
  <id value="DataStandardsWales-PTHB-PAS-PractitionerIdentifier"/> 
  <name value="PTHBPASPractitionerIdentifier"/>
   <status value="active" />
  <kind value="identifier"/>  
  <date value="2025-06-04" />
  <publisher value="NHS Wales" />
  <responsible value="Powys Teaching Health Board"/> 
  <description value="This namespace indicates a Powys Teaching Health Board PAS practitioner identifier"/> 
  <usage value="Practitioner identity"/> 
  <uniqueId> 
    <type value="uri"/> 
    <value value="https://fhir.pthb.nhs.wales/Id/pas-practitioner-identifier"/> 
    <preferred value="true"/> 
  </uniqueId> 
</NamingSystem> 