<NamingSystem xmlns="http://hl7.org/fhir">
  <id value="DataStandardsWales-SBUHB-PAS-Identifier" />
  <name value="SBUHBPASIdentifier" />
  <status value="active" />
  <kind value="identifier" />
  <date value="2024-05-23" />
  <publisher value="NHS Wales" />
  <responsible value="Swansea Bay University Health Board" />
  <description value="This namespace indicates a Swansea Bay University Health Board PAS patient identifier" />
  <usage value="Patient identity" />
  <uniqueId>
    <type value="uri" />
    <value value="https://fhir.sbuhb.nhs.wales/Id/pas-identifier" />
    <preferred value="true" />
  </uniqueId>
  <uniqueId>
    <type value="oid" />
    <value value="2.16.840.1.113883.2.1.8.1.3.108" />
  </uniqueId>
  <uniqueId>
    <type value="other" />
    <value value="108" />
    <comment value="NHS Wales MPI Issuing Authority" />
  </uniqueId>
</NamingSystem>