<NamingSystem xmlns="http://hl7.org/fhir">
  <id value="DataStandardsWales-WCRS-supersession-set-identifier" />
  <name value="WCRSSupersessionSetIdentifier" />
  <status value="active" />
  <kind value="identifier" />
  <date value="2025-09-20" />
  <publisher value="NHS Wales" />
  <contact>
    <name value="FHIR Standards" />
    <telecom>
      <system value="email" />
      <value value="fhir.standards@wales.nhs.uk" />
      <use value="work" />
      <rank value="1" />
    </telecom>
  </contact>
  <responsible value="Digital Health and Care Wales" />
  <description value="This namespace indicates an NHS Wales DocumentSupersessionSetId issued by the Welsh Care Records Service.  This identifier is common across document versions." />
  <usage value="Document identity" />
  <uniqueId>
    <type value="uri" />
    <value value="https://fhir.nhs.wales/Id/wcrs-supersession-set-identifier" />
    <preferred value="true" />
  </uniqueId>
</NamingSystem>