<NamingSystem xmlns="http://hl7.org/fhir">
  <id value="DataStandardsWales-BCUHB-PAS-PractitionerIdentifier"/> 
  <name value="BCUHBPASPractitionerIdentifier"/>
  <status value="active" />
  <kind value="identifier"/>   
  <date value="2025-06-04" />
  <publisher value="NHS Wales" />
  <responsible value="Betsi Cadwaladr University Health Board"/> 
  <description value="This namespace indicates a Betsi Cadwaladr University Health Board PAS practitioner identifier. All BCUHB PAS instances have been consolidated into one system and the BCUHB namespace is now the primary identifier."/> 
  <usage value="Practitioner identity"/> 
  <uniqueId> 
    <type value="uri"/> 
    <value value="https://fhir.bcuhb.nhs.wales/Id/pas-practitioner-identifier"/> 
    <preferred value="true"/>   
  </uniqueId>
</NamingSystem> 