<NamingSystem xmlns="http://hl7.org/fhir">
  <id value="DataStandardsWales-VUNHST-Canisc-Identifier" />
  <name value="VUNHSTCaniscIdentifier" />
  <status value="active" />
  <kind value="identifier" />
  <date value="2024-05-23" />
  <publisher value="NHS Wales" />
  <responsible value="Velindre University NHS Trust" />
  <description value="This namespace indicates a Velindre University NHS Trust Canisc (PAS) patient identifier" />
  <usage value="Patient Identity" />
  <uniqueId>
    <type value="uri" />
    <value value="https://fhir.vunhst.nhs.wales/Id/canisc-identifier" />
    <preferred value="true" />
  </uniqueId>
  <uniqueId>
    <type value="oid" />
    <value value="2.16.840.1.113883.2.1.8.1.3.182" />
  </uniqueId>
  <uniqueId>
    <type value="other" />
    <value value="182" />
    <comment value="NHS Wales MPI Issuing Authority" />
  </uniqueId>
</NamingSystem>