<NamingSystem xmlns="http://hl7.org/fhir">
  <id value="DataStandardsWales-BCUHB-PAS-Sub-Speciality-Identifier" />
  <name value="SubSpecialityIdentifier" />
  <status value="active" />
  <kind value="identifier" />
  <date value="2025-02-10" />
  <publisher value="NHS Wales" />
  <responsible value="NHS Wales" />
  <description value="This namespace indicates a Betsi Cadwaladr University Health Board PAS sub-specialty identifier. All BCUHB PAS instances have been consolidated into one system and the BCUHB namespace is now the primary identifier." />
  <usage value="Appointment identity" />
  <uniqueId>
    <type value="uri" />
    <value value=" https://fhir.bcuhb.nhs.wales/Id/pas-sub-specialty-code" />
    <preferred value="true" />
  </uniqueId>
</NamingSystem>