<NamingSystem xmlns="http://hl7.org/fhir">
  <id value="DataStandardsWales-PTHB-PAS-Sub-Speciality-Identifier" />
  <name value="SubSpecialityIdentifier" />
  <status value="active" />
  <kind value="identifier" />
  <date value="2025-02-10" />
  <publisher value="NHS Wales" />
  <responsible value="NHS Wales" />
  <description value="This namespace indicates a Powys Teaching Health Board PAS sub-specialty identifier." />
  <usage value="Appointment identity" />
  <uniqueId>
    <type value="uri" />
    <value value="https://fhir.pthb.nhs.wales/Id/pas-sub-specialty-code" />
    <preferred value="true" />
  </uniqueId>
</NamingSystem>