<NamingSystem xmlns="http://hl7.org/fhir">
  <id value="DataStandardsWales-HDUHB-PAS-PractitionerIdentifier"/> 
  <name value="HDUHBPASPractitionerIdentifier"/> 
  <status value="active" />
  <kind value="identifier"/>   
  <date value="2025-06-04" />
  <publisher value="NHS Wales" />
  <responsible value="Hywel Dda University Health Board"/> 
  <description value="This namespace indicates a Hywel Dda University Health Board PAS practitioner identifier"/> 
  <usage value="Practitioner identity"/> 
  <uniqueId> 
    <type value="uri"/> 
    <value value="https://fhir.hduhb.nhs.wales/Id/pas-practitioner-identifier"/> 
    <preferred value="true"/> 
  </uniqueId>
</NamingSystem> 