<NamingSystem xmlns="http://hl7.org/fhir">
  <id value="DataStandardsWales-CTMUHB-PAS-UpiIdentifier" />
  <name value="CTMUHBPASUpiIdentifier" />
  <status value="active" />
  <kind value="identifier" />
  <date value="2025-09-19" />
  <publisher value="NHS Wales" />
  <responsible value="NHS Wales" />
  <description value="This namespace indicates a Cwm Taf Morgannwg University Health Board PAS upi identifier." />
  <usage value="Appointment identity, Encounter identity, ServiceRequest identity" />
  <uniqueId>
    <type value="uri" />
    <value value="https://fhir.ctmuhb.nhs.wales/Id/pas-upi-identifier" />
    <preferred value="true" />
  </uniqueId>
</NamingSystem>