<NamingSystem xmlns="http://hl7.org/fhir">
    <id value="DataStandardsWales-LIMS-identifier" />
    <name value="DataStandardsWalesLIMSIdentifier" />
	 <status value="active" />
    <kind value="identifier" /> 
  <date value="2023-11-10" />
  <publisher value="NHS Wales" />
    <contact>
        <name value="Data Standards" />
        <telecom>
            <system value="email" />
            <value value="data.standards@wales.nhs.uk" />
            <use value="work" />
        </telecom>
    </contact>
    <responsible value="Digital Health and Care Wales" />
    <usage value="This namespace indicates an NHS Wales LIMS Identifier" />
    <uniqueId>
        <type value="uri" />
        <value value="https://fhir.nhs.wales/Id/lims-identifier" />
        <preferred value="true" />
    </uniqueId>
</NamingSystem>