<NamingSystem xmlns="http://hl7.org/fhir">
  <id value="DataStandardsWales-CAVUHB-PAS-PractitionerIdentifier"/> 
  <name value="CAVUHBPASPractitionerIdentifier"/> 
  <status value="active" />
  <kind value="identifier"/>   
  <date value="2025-06-04" />
  <publisher value="NHS Wales" />
  <responsible value="Cardiff and Vale University Health Board"/> 
  <description value="This namespace indicates a Cardiff and Vale University Health Board PAS practitioner identifier"/> 
  <usage value="Practitioner identity"/> 
  <uniqueId> 
    <type value="uri"/> 
    <value value="https://fhir.cavuhb.nhs.wales/Id/pas-practitioner-identifier"/> 
    <preferred value="true"/> 
  </uniqueId>
</NamingSystem> 