<NamingSystem xmlns="http://hl7.org/fhir">
  <id value="DataStandardsWales-VUNHST-PAS-PractitionerIdentifier"/> 
  <name value="VUNHSTPASPractitionerIdentifier"/> 
  <status value="active" />
  <kind value="identifier"/>   
  <date value="2025-06-04" />
  <publisher value="NHS Wales" />
  <responsible value="Velindre University NHS Trust"/> 
  <description value="This namespace indicates a Velindre University NHS Trust PAS practitioner identifier"/> 
  <usage value="Practitioner Identity"/>
  <uniqueId> 
    <type value="uri"/> 
    <value value="https://fhir.vunhst.nhs.wales/Id/pas-practitioner-identifier"/> 
    <preferred value="true"/> 
  </uniqueId>  
</NamingSystem> 
