<NamingSystem xmlns="http://hl7.org/fhir">
  <id value="NHSWales-LIMS-TCL-Patient"/> 
  <name value="TCLPatientIdentifier"/>
  <status value="active" />
  <kind value="identifier"/>   
  <date value="2025-10-09" />
  <publisher value="NHS Wales" />
  <responsible value="Digital Health and Care Wales"/> 
  <description value="This namespace is an identifier for a Trac Care Lab (LIMS) patient"/> 
  <usage value="LIMS patient identifier"/> 
  <uniqueId> 
    <type value="uri"/> 
    <value value="https://fhir.nhs.wales/Id/lims-tcl-patient-identifier"/> 
    <preferred value="true"/> 
  </uniqueId>
</NamingSystem> 