<NamingSystem xmlns="http://hl7.org/fhir">
  <id value="NHSWales-LIMS-TCL-Report-Code"/> 
  <name value="TCLReportCodeIdentifier"/>
  <status value="active" />
  <kind value="identifier"/>   
  <date value="2025-09-11" />
  <publisher value="NHS Wales" />
  <responsible value="Digital Health and Care Wales"/> 
  <description value="This namespace is an identifier for a Trac Care Lab (LIMS) report code"/> 
  <usage value="LIMS diagnostic report code identifier"/> 
  <uniqueId> 
    <type value="uri"/> 
    <value value="https://fhir.nhs.wales/Id/lims-tcl-report-code"/> 
    <preferred value="true"/> 
  </uniqueId> 
</NamingSystem> 