<NamingSystem xmlns="http://hl7.org/fhir">
  <id value="DataStandardsWales-PTHB-PAS-Identifier" />
  <name value="PTHBPASIdentifier" />
  <status value="active" />
  <kind value="identifier" />
  <date value="2024-05-23" />
  <publisher value="NHS Wales" />
  <responsible value="Powys Teaching Health Board" />
  <description value="This namespace indicates a Powys Teaching Health Board PAS patient identifier" />
  <usage value="Patient identity" />
  <uniqueId>
    <type value="uri" />
    <value value="https://fhir.pthb.nhs.wales/Id/pas-identifier" />
    <preferred value="true" />
  </uniqueId>
  <uniqueId>
    <type value="oid" />
    <value value="2.16.840.1.113883.2.1.8.1.3.170" />
  </uniqueId>
</NamingSystem>