<NamingSystem xmlns="http://hl7.org/fhir">
  <id value="DataStandardsWales-SBUHB-PAS-PractitionerIdentifier" />
  <name value="SBUHBPASPractitionerIdentifier" />
  <status value="active" />
  <kind value="identifier" />
  <date value="2025-06-04" />
  <publisher value="NHS Wales" />
  <responsible value="Swansea Bay University Health Board" />
  <description value="This namespace indicates a Swansea Bay University Health Board PAS practitioner identifier" />
  <usage value="Practitioner identity" />
  <uniqueId>
    <type value="uri" />
    <value value="https://fhir.sbuhb.nhs.wales/Id/pas-practitioner-identifier" />
    <preferred value="true" />
  </uniqueId>
</NamingSystem>