<NamingSystem xmlns="http://hl7.org/fhir">
  <id value="DataStandardsWales-UEC-Attendance-Identifier" />
  <name value="UECAttendanceIdentifier" />
  <status value="active" />
  <kind value="identifier" />
  <date value="2025-09-22" />
  <publisher value="NHS Wales" />
  <responsible value="Digital Health and Care Wales" />
  <description value="This namespace indicates a UEC attendance identifier." />
  <usage value="Attendance identifier" />
  <uniqueId>
    <type value="uri" />
    <value value="https://fhir.nhs.wales/Id/uec-attendance-identifier" />
    <preferred value="true" />
  </uniqueId>
  <uniqueId>
    <type value="oid" />
    <value value="2.16.840.1.113883.2.1.8.1.3.393" />
  </uniqueId>
</NamingSystem>