<NamingSystem xmlns="http://hl7.org/fhir">
  <id value="DataStandardsWales-NADEX-Identifier"/> 
  <name value="NADEXIdentifier"/> 
  <status value="active" />
  <kind value="identifier"/>   
  <date value="2025-01-01" />
  <publisher value="NHS Wales" />
  <responsible value="NHS Wales"/>
  <description value="This namespace indicates an NADEX identifier"/> 
  <usage value="Organization identity"/> 
  <uniqueId> 
    <type value="uri"/> 
    <value value="https://fhir.nhs.wales/Id/nadex-identifier"/> 
    <preferred value="true"/> 
  </uniqueId>
</NamingSystem> 