<NamingSystem xmlns="http://hl7.org/fhir">
  <id value="DataStandardsWales-ABUHB-PAS-AppointmentIdentifier" />
  <name value="ABUHBPASAppointmentIdentifier" />
  <status value="active" />
  <kind value="identifier" />
  <date value="2025-02-10" />
  <publisher value="NHS Wales" />
  <responsible value="NHS Wales" />
  <description value="This namespace indicates an Aneurin Bevan University Health Board PAS appointment identifier" />
  <usage value="Appointment identity" />
  <uniqueId>
    <type value="uri" />
    <value value="https://fhir.abuhb.nhs.wales/Id/pas-event-identifier" />
    <preferred value="true" />
  </uniqueId>
</NamingSystem>