<NamingSystem xmlns="http://hl7.org/fhir">
  <id value="DataStandardsWales-CAVUHB-PAS-Identifier" />
  <name value="CAVUHBPASIdentifier" />
  <status value="active" />
  <kind value="identifier" />
  <date value="2024-05-23" />
  <publisher value="NHS Wales" />
  <responsible value="Carfiff and Vale University Health Board" />
  <description value="This namespace indicates a Cardiff and Vale University Health Board PAS patient identifier" />
  <usage value="Patient identity" />
  <uniqueId>
    <type value="uri" />
    <value value="https://fhir.cavuhb.nhs.wales/Id/pas-identifier" />
    <preferred value="true" />
  </uniqueId>
  <uniqueId>
    <type value="oid" />
    <value value="2.16.840.1.113883.2.1.8.1.3.140" />
  </uniqueId>
</NamingSystem>