<NamingSystem xmlns="http://hl7.org/fhir">
  <id value="DataStandardsWales-HDUHB-PAS-AppointmentIdentifier" />
  <name value="AppointmentIdentifier" />
  <status value="active" />
  <kind value="identifier" />
  <date value="2025-02-10" />
  <publisher value="NHS Wales" />
  <responsible value="NHS Wales" />
  <description value="This namespace indicates a Hywel Dda University Health Board PAS appointment identifier." />
  <usage value="Appointment identity" />
  <uniqueId>
    <type value="uri" />
    <value value="https://fhir.hduhb.nhs.wales/Id/pas-event-code" />
    <preferred value="true" />
  </uniqueId>
</NamingSystem>