<NamingSystem xmlns="http://hl7.org/fhir">
  <id value="DataStandardsWales-ABUHB-PAS-PractitionerIdentifier" />
  <name value="ABUHBPASPractitionerIdentifier" />
  <status value="active" />
  <kind value="identifier" />
  <date value="2025-06-04" />
  <publisher value="NHS Wales" />
  <responsible value="Aneurin Bevan University Health Board" />
  <description value="This namespace indicates an Aneurin Bevan University Health Board PAS practitioner identifier" />
  <usage value="Practitioner identity" />
  <uniqueId>
    <type value="uri" />
    <value value="https://fhir.abuhb.nhs.wales/Id/pas-practitioner-identifier" />
    <preferred value="true" />
  </uniqueId>
</NamingSystem>