<NamingSystem xmlns="http://hl7.org/fhir">
  <id value="DataStandardsWales-SBUHB-PAS-AppointmentIdentifier"/> 
  <name value="SBUHBPASAppointmentIdentifier"/> 
  <status value="active" />
  <kind value="identifier"/>   
  <date value="2025-02-10" />
  <publisher value="NHS Wales" />
  <responsible value="NHS Wales"/>
  <description value="This namespace indicates a Swansea Bay University Health Board PAS appointment identifier."/> 
  <usage value="Appointment identity"/> 
  <uniqueId> 
    <type value="uri"/> 
    <value value="https://fhir.sbuhb.nhs.wales/Id/pas-event-identifier"/> 
    <preferred value="true"/> 
  </uniqueId>
</NamingSystem> 