<MedicationStatement xmlns="http://hl7.org/fhir">
  <id value="Example-DataStandardsWales-MedicationStatement-Atorvastatin-GP" />
  <meta>
    <profile value="https://fhir.nhs.wales/StructureDefinition/DataStandardsWales-MedicationStatement" />
  </meta>
  <text>
    <status value="generated" />
    <div xmlns="http://www.w3.org/1999/xhtml">Atorvastatin 20mg tablet - 1 tablet at night</div>
  </text>
  <extension url="https://fhir.nhs.wales/StructureDefinition/Extension-DataStandardsWales-MedicationCourseOfTherapyType">
    <valueCodeableConcept>
      <coding>
        <system value="http://terminology.hl7.org/CodeSystem/medicationrequest-course-of-therapy" />
        <code value="continuous" />
        <display value="Continuous long term therapy" />
      </coding>
    </valueCodeableConcept>
  </extension>
  <status value="active" />
  <category>
    <coding>
      <system value="http://terminology.hl7.org/CodeSystem/medication-statement-category" />
      <code value="community" />
      <display value="Community" />
    </coding>
  </category>
  <medicationCodeableConcept>
    <coding>
      <system value="https://dmd.nhs.uk" />
      <code value="39733011000001106" />
      <display value="Atorvastatin 20mg tablets" />
    </coding>
    <text value="Atorvastatin 20mg tablets" />
  </medicationCodeableConcept>
  <subject>
    <reference value="Patient/Example-DataStandardsWales-Patient-PeterPiper" />
    <display value="PIPER, Peter (NHS: 1192335566)" />
  </subject>
  <context>
    <reference value="Encounter/Encounter-GP" />
    <display value="..." />
  </context>
  <dateAsserted value="2022-01-10T10:00:00Z" />
  <informationSource>
    <reference value="Practitioner/Practitioner-GP" />
    <display value="..." />
  </informationSource>
  <dosage>
    <text value="Atorvastatin 20mg tablet - 1 tablet at night" />
  </dosage>
</MedicationStatement>