<MedicationStatement xmlns="http://hl7.org/fhir">
    <id value="Example-DataStandardsWales-MedicationStatement-Hydrocortisone-GP" />
    <meta>
        <profile value="https://fhir.nhs.wales/StructureDefinition/DataStandardsWales-MedicationStatement" />
    </meta>
    <text>
        <status value="generated" />
        <div xmlns="http://www.w3.org/1999/xhtml">Hydrocortisone 1% Cream - Apply to the affected area twice a day</div>
    </text>
    <extension url="https://fhir.nhs.wales/StructureDefinition/Extension-DataStandardsWales-MedicationCourseOfTherapyType">
        <valueCodeableConcept>
			<coding>
				<system value="http://terminology.hl7.org/CodeSystem/medicationrequest-course-of-therapy" />
				<code value="continuous" />
				<display value="Continuous long term therapy" />
			</coding>
        </valueCodeableConcept>
    </extension> 
    <status value="active" />
    <category>
        <coding>
            <system value="http://terminology.hl7.org/CodeSystem/medication-statement-category" />
            <code value="community" />
            <display value="Community" />
        </coding>
    </category>
    <medicationCodeableConcept>
        <coding>
            <system value="https://dmd.nhs.uk" />
            <code value="346992009" />
            <display value="Hydrocortisone 1% cream" />
        </coding>      
        <text value="Hydrocortisone 1% cream" />
    </medicationCodeableConcept>
    <subject>
        <reference value="Patient/Example-DataStandardsWales-Patient-PeterPiper" />
        <display value="PIPER, Peter (NHS: 1192335566)" />
    </subject>
    <context>
        <reference value="Encounter/Encounter-GP" />
        <display value="..." />
    </context>
    <dateAsserted value="2022-01-10T10:00:00Z" />
    <informationSource>
        <reference value="Practitioner/Practitioner-GP" />
        <display value="..." />
    </informationSource>
    <dosage>
        <text value="Hydrocortisone 1% Cream - Apply to the affected area twice a day" />
    </dosage>
</MedicationStatement>
