<Patient xmlns="http://hl7.org/fhir">
  <id value="Example-DataStandardsWales-Patient-HaroldJames" />
  <meta>
    <profile value="https://fhir.nhs.wales/StructureDefinition/DataStandardsWales-Patient" />
  </meta>
  <text>
    <status value="generated" />
    <div xmlns="http://www.w3.org/1999/xhtml">JAMES, Harold (NHS: 3795624165)</div>
  </text>
  <extension url="https://fhir.nhs.uk/StructureDefinition/Extension-UKCore-EthnicCategory">
    <valueCodeableConcept>
      <coding>
        <system value="https://fhir.nhs.wales/CodeSystem/Ethnicity" />
        <code value="A" />
        <display value="Any White Background, including Welsh, English, Scottish, Northern Irish, British, Irish" />
      </coding>
    </valueCodeableConcept>
  </extension>
  <extension url="https://fhir.nhs.wales/StructureDefinition/Extension-DataStandardsWales-Religion">
    <valueCodeableConcept>
      <coding>
        <system value="http://snomed.info/sct" />
        <code value="160540005" />
        <display value="Roman Catholic, follower of religion" />
      </coding>
    </valueCodeableConcept>
  </extension>
  <identifier>
    <extension url="https://fhir.hl7.org.uk/StructureDefinition/Extension-UKCore-NHSNumberVerificationStatus">
      <valueCodeableConcept>
        <coding>
          <system value="http://terminology.hl7.org/CodeSystem/v3-NullFlavor" />
          <code value="NI" />
          <display value="NoInformation" />
        </coding>
      </valueCodeableConcept>
    </extension>
    <system value="https://fhir.nhs.uk/Id/nhs-number" />
    <value value="3795624165" />
  </identifier>
  <identifier>
    <system value="https://fhir.sbuhb.nhs.wales/Id/pas-identifier" />
    <value value="E100054" />
  </identifier>
  <name>
    <use value="official" />
    <family value="Harold" />
    <given value="James" />
    <prefix value="Mr" />
  </name>
  <telecom>
    <system value="phone" />
    <value value="01446231234" />
  </telecom>
  <gender value="male" />
  <birthDate value="1965-10-10" />
  <address>
    <line value="36 Ely Street" />
    <line value="Bettws" />
    <city value="Carmarthenshire" />
    <district value="Carmarthen" />
    <postalCode value="SA31 4EL" />
  </address>
  <communication>
    <language>
      <coding>
        <system value="https://fhir.hl7.org.uk/CodeSystem/UKCore-HumanLanguage" />
        <code value="en" />
        <display value="English" />
      </coding>
    </language>
  </communication>
</Patient>