<Organization xmlns="http://hl7.org/fhir">
    <id value="Example-DataStandardsWales-Organization-GGH" />
    <meta>
        <profile value="https://fhir.nhs.wales/StructureDefinition/DataStandardsWales-Organization" />
    </meta>
    <text>
        <status value="generated" />
        <div xmlns="http://www.w3.org/1999/xhtml">Glangwili General Hospital</div>
    </text>     
    <extension url="http://hl7.org/fhir/StructureDefinition/organization-period">
        <valuePeriod>
            <start value="2009-10-01" />
        </valuePeriod>
    </extension>
    <identifier>
        <system value="https://fhir.nhs.uk/Id/ods-organization-code" />
        <value value="7A2AG" />
    </identifier>
    <active value="true" />
    <name value="Glangwili General Hospital" />
    <address>
        <line value="Dolgwili Road" />
        <city value="Carmarthen" />
        <district value="Dyfed" />
        <postalCode value="SA31 2AF" />
    </address>
    <partOf>
		<identifier>
			<system value="https://fhir.nhs.uk/Id/ods-organization-code" />
			<value value="7A2" />
		</identifier>
        <reference value="Organization/Example-DataStandardsWales-Organization-HywelDda" />
        <display value="Hywel Dda University Local Health Board" />
    </partOf>
</Organization>