<Practitioner xmlns="http://hl7.org/fhir">
  <id value="Example-Practitioner-NadexIdentifier" />
  <meta>
    <profile value="https://fhir.nhs.wales/StructureDefinition/DataStandardsWales-Practitioner" />
  </meta>
  <text>
    <status value="generated" />
    <div xmlns="http://www.w3.org/1999/xhtml">Mark Smith (nadex: ma000199)</div>
  </text>
  <identifier>
    <system value="https://fhir.nhs.wales/Id/nadex-identifier" />
    <value value="ma000199" />
  </identifier>
  <name>
    <family value="Smith" />
    <given value="Mark" />
  </name>
</Practitioner>