<PractitionerRole xmlns="http://hl7.org/fhir">
  <id value="Example-DataStandardsWales-PractitionerRole-PrescribingNurse" />
  <meta>
    <profile value="https://fhir.hl7.org.uk/StructureDefinition/UKCore-PractitionerRole" />
  </meta>
  <practitioner>
    <reference value="Practitioner/Example-DataStandardsWales-Practitioner-PrescribingNurse" />
  </practitioner>
  <organization>
    <reference value="Organization/Example-DataStandardsWales-Organization-GPSurgery" />
  </organization>
  <code>
    <coding>
      <system value="http://terminology.hl7.org/CodeSystem/practitioner-role" />
      <code value="nurse" />
      <display value="Nurse" />
    </coding>
  </code>
  <telecom>
    <system value="phone" />
    <value value="01446 323211" />
    <use value="work" />
  </telecom>
</PractitionerRole>