<Provenance xmlns="http://hl7.org/fhir">
  <id value="Example-DataStandardsWales-Provenance-Growth-Charts" />
  <meta>
    <profile value="https://fhir.nhs.wales/StructureDefinition/DataStandardsWales-Provenance" />
  </meta>
  <target>
    <reference value="Patient/841ca44b-f439-407f-ae2f-1a8ec409cf8c" />
  </target>
  <recorded value="2025-01-08T10:38:27.207907+00:00" />
  <activity>
    <coding>
      <system value="http://terminology.hl7.org/CodeSystem/iso-21089-lifecycle" />
      <code value="receive" />
      <display value="Receive/Retain Record Lifecycle Event" />
    </coding>
  </activity>
  <agent>
    <type>
      <coding>
        <system value="http://terminology.hl7.org/CodeSystem/provenance-participant-type" />
        <code value="composer" />
        <display value="Composer" />
      </coding>
    </type>
    <who>
      <reference value="Device/9240a1d4-fee3-59a3-a36d-4a6c68878bfa" />
      <display value="Welsh Clinical Portal" />
    </who>
  </agent>
  <entity>
    <role value="source" />
    <what>
      <reference value="Encounter/new-encounter" />
    </what>
  </entity>
  <entity>
    <role value="source" />
    <what>
      <reference value="Observation/new-observation-data-set-group-id-0" />
    </what>
  </entity>
  <entity>
    <role value="source" />
    <what>
      <reference value="Observation/new-measurements-group-id-0" />
    </what>
  </entity>
  <entity>
    <role value="source" />
    <what>
      <reference value="Observation/new-height-id-0" />
    </what>
  </entity>
  <entity>
    <role value="source" />
    <what>
      <reference value="Observation/new-rcpch-height-id-0" />
    </what>
  </entity>
  <entity>
    <role value="source" />
    <what>
      <reference value="Observation/f740952a-3e0a-49ad-9359-691a60b39fca" />
    </what>
  </entity>
  <entity>
    <role value="source" />
    <what>
      <reference value="Observation/ee63d513-3b8e-4c68-a9aa-6a2f864b6441" />
    </what>
  </entity>
  <entity>
    <role value="source" />
    <what>
      <reference value="Observation/beb1d1b8-0e58-427f-a949-ce0eeafca5e1" />
    </what>
  </entity>
  <entity>
    <role value="source" />
    <what>
      <reference value="Observation/073bfa8b-a7b4-4f6e-8b57-13b7a5b7a6bb" />
    </what>
  </entity>
  <entity>
    <role value="source" />
    <what>
      <reference value="Observation/453c7ca6-c9cd-46c9-8bb7-2d7a8ff9fb19" />
    </what>
  </entity>
  <entity>
    <role value="source" />
    <what>
      <reference value="Observation/b8713984-7481-415c-9362-0e9749927189" />
    </what>
  </entity>
  <entity>
    <role value="source" />
    <what>
      <reference value="Observation/a21aca7f-68db-41f5-aabf-7ac7031e3f63" />
    </what>
  </entity>
  <entity>
    <role value="source" />
    <what>
      <reference value="Observation/674b31e0-9cb4-4086-ae3f-00c0f55be618" />
    </what>
  </entity>
  <entity>
    <role value="source" />
    <what>
      <reference value="Observation/067ae024-136b-4180-97ff-5e8830110d05" />
    </what>
  </entity>
  <entity>
    <role value="source" />
    <what>
      <reference value="Observation/0989cf18-7c30-403d-b100-e330d9076025" />
    </what>
  </entity>
  <entity>
    <role value="source" />
    <what>
      <reference value="Observation/64f219aa-2876-4b2d-9af1-58a2829cf938" />
    </what>
  </entity>
  <entity>
    <role value="source" />
    <what>
      <reference value="Observation/2caa7bcb-ecbf-4520-9f7c-7b56996b6809" />
    </what>
  </entity>
  <entity>
    <role value="source" />
    <what>
      <reference value="Observation/2ad438b7-dcf4-4880-920b-14c8132422af" />
    </what>
  </entity>
  <entity>
    <role value="source" />
    <what>
      <reference value="Observation/54ee4c00-70a5-4ee1-bdf8-0d2aedea5b7d" />
    </what>
  </entity>
</Provenance>