<Observation>
	<meta>
		<profile value="https://fhir.nhs.wales/StructureDefinition/DataStandardsWales-Observation" />
	</meta>
	<status value="final" />
	<category>
		<coding>
			<system value="http://terminology.hl7.org/CodeSystem/observation-category" />
			<code value="vital-signs" />
			<display value="Vital Signs" />
		</coding>
	</category>
	<code>
		<coding>
			<system value="http://snomed.info/sct" />
			<code value="75367002" />
			<display value="Blood pressure" />
		</coding>
		<coding>
			<system value="http://loinc.org" />
			<code value="85354-9" />
			<display value="Blood pressure panel with all children optional" />
		</coding>
	</code>
    <subject>
        <reference value="Patient/Example-DataStandardsWales-Patient-PeterPiper" />
        <display value="PIPER, Peter (NHS: 1192335566)" />
    </subject>
	<effectiveDateTime value="2022-10-11T14:17:59+01:00" />
	<performer>
		<reference value="Performer/Example-DataStandardsWales-Practitioner-PrescribingNurse" />
	</performer>	
	<bodySite>
		<coding>
			<system value="http://snomed.info/sct" />
			<code value="368209003" />
			<display value="Right upper arm structure" />
		</coding>
	</bodySite>
	<component>
		<code>
			<coding>
				<system value="http://snomed.info/sct" />
				<code value="72313002" />
				<display value="Systolic arterial pressure" />
			</coding>
			<coding>
				<system value="http://loinc.org" />
				<code value="8480-6" />
				<display value="Systolic blood pressure" />
			</coding>
		</code>
		<valueQuantity>
			<value value="120" />
			<unit value="millimetre of mercury" />
			<system value="http://unitsofmeasure.org" />
			<code value="mm[Hg]" />
		</valueQuantity>
	</component>
	<component>
		<code>
			<coding>
				<system value="http://snomed.info/sct" />
				<code value="1091811000000102" />
				<display value="Diastolic arterial pressure" />
			</coding>
			<coding>
				<system value="http://loinc.org" />
				<code value="8462-4" />
				<display value="Diastolic blood pressure" />
			</coding>
		</code>
		<valueQuantity>
			<value value="60" />
			<unit value="millimetre of mercury" />
			<system value="http://unitsofmeasure.org" />
			<code value="mm[Hg]" />
		</valueQuantity>
	</component>
</Observation>