<Observation>
  <meta>
    <profile value="https://fhir.nhs.wales/StructureDefinition/DataStandardsWales-Observation" />
  </meta>
  <status value="final" />
  <category>
    <coding>
      <system value="http://terminology.hl7.org/CodeSystem/observation-category" />
      <code value="survey" />
      <display value="Survey" />
    </coding>
  </category>
  <code>
    <coding>
      <system value="http://snomed.info/sct" />
      <code value="1104441000000107" />
      <display value="ACVPU (Alert Confusion Voice Pain Unresponsive) scale score" />
    </coding>
  </code>
  <subject>
    <reference value="Patient/Example-DataStandardsWales-Patient-PeterPiper" />
    <display value="PIPER, Peter (NHS: 1192335566)" />
  </subject>
  <effectiveDateTime value="2018-10-04T14:17:59+01:00" />
  <performer>
    <reference value="Performer/Example-DataStandardsWales-Practitioner-Doctor" />
    <display value="Dr Sally Foster (GMC: 9830222)" />
  </performer>
  <performer>
    <reference value="Organization/Example-DataStandardsWales-Organization-GGH" />
    <display value="Glangwili General Hospital" />
  </performer>
  <valueCodeableConcept>
    <coding>
      <system value="http://snomed.info/sct" />
      <code value="248234008" />
      <display value="Mentally alert" />
    </coding>
  </valueCodeableConcept>
</Observation>