
<Location xmlns="http://hl7.org/fhir">
    <id value="Example-DataStandardsWales-Location-CadogWard" />
    <meta>
        <profile value="https://fhir.nhs.wales/StructureDefinition/DataStandardsWales-Location" />
    </meta>
    <text>
        <status value="generated" />
        <div xmlns="http://www.w3.org/1999/xhtml">Cadog Ward (Glangwili General Hospital)</div>
    </text>
    <identifier>
        <system value="https://fhir.nhs.wales/Id/wrts-location-identifier" />
        <value value="7A2AGCADOG" />
    </identifier>
    <identifier>
        <system value="https://fhir.hduhb.nhs.wales/Id/pas-location-identifier" />
        <value value="21057-example" />
    </identifier>
	<address>
		<postalCode value="SA31 2AF" />
	</address>
    <name value="Cadog Ward" />
    <managingOrganization>
		<identifier>
			<system value="https://fhir.hduhb.nhs.wales/Id/pas-location-identifier" />
			<value value="2105-example" />
		</identifier>
        <reference value="Organization/Example-DataStandardsWales-Organization-GlangwiliGeneralHospital" />
        <display value="Glangwili General Hospital" />
    </managingOrganization>
</Location>