<QuestionnaireResponse>
  <id value="Example-DataStandardsWales-QuestionnaireResponse-GrowthChartCondition" />
  <meta>
    <profile value="https://fhir.nhs.wales/StructureDefinition/DataStandardsWales-QuestionnaireResponse" />
  </meta>
  <questionnaire value="Example-DataStandardsWales-Questionnaire-GrowthChartCondition" />
  <status value="completed" />
  <subject>
    <reference value="Patient/Example-DataStandardsWales-Patient-PaediatricPatient" />
  </subject>
  <encounter>
    <reference value="Encounter/Example-DataStandardsWales-Encounter-OutpatientClinic" />
  </encounter>
  <authored>2024-08-07T12:10:11Z</authored>
  <author>
    <reference value="Practitioner/Example-DataStandardsWales-Practitioner-PaediatricNurse" />
    <display value="SMITH, John (NMC:14H8558P), Registered Nurse" />
  </author>
  <item>
    <linkId value="GC001" />
    <text value="Growth chart notable condition" />
    <answer>
      <valueString value="Turner syndrome present" />
    </answer>
  </item>
</QuestionnaireResponse>