<Location xmlns="http://hl7.org/fhir">
  <id value="Example-DataStandardsWales-Location-WardE" />
  <meta>
    <profile value="https://fhir.nhs.wales/StructureDefinition/DataStandardsWales-Location" />
  </meta>
  <text>
    <status value="generated" />
    <div xmlns="http://www.w3.org/1999/xhtml">Ward E (Neath Port Talbot Hospital)</div>
  </text>
  <identifier>
    <system value="https://fhir.sbuhb.nhs.wales/Id/pas-location-identifier" />
    <value value="60138-example" />
  </identifier>
  <name value="Ward E" />
  <address>
    <postalCode value="SA12 7BX" />
  </address>
  <managingOrganization>
    <identifier>
      <system value="https://fhir.sbuhb.nhs.wales/Id/pas-location-identifier" />
      <value value="6013-example" />
    </identifier>
    <reference value="Organization/Example-DataStandardsWales-Organization-NeathPortTalbotHospital" />
    <display value="Neath Port Talbot Hospital" />
  </managingOrganization>
</Location>