<Observation>
  <meta>
    <profile value="https://fhir.nhs.wales/StructureDefinition/DataStandardsWales-Observation" />
  </meta>
  <status value="final" />
  <category>
    <coding>
      <system value="http://terminology.hl7.org/CodeSystem/observation-category" />
      <code value="vital-signs" />
      <display value="Vital Signs" />
    </coding>
  </category>
  <code>
    <coding>
      <system value="http://snomed.info/sct" />
      <code value="276885007" />
      <display value="Core body temperature" />
    </coding>
    <coding>
      <system value="http://loinc.org" />
      <code value="8310-5" />
      <display value="Body temperature" />
    </coding>
  </code>
  <subject>
    <reference value="Patient/Example-DataStandardsWales-Patient-PeterPiper" />
    <display value="PIPER, Peter (NHS: 1192335566)" />
  </subject>
  <effectiveDateTime value="2022-10-11T14:17:59+01:00" />
  <performer>
    <reference value="Performer/Example-DataStandardsWales-Practitioner-PrescribingNurse" />
  </performer>
  <valueQuantity>
    <value value="37.5" />
    <unit value="degree Celsius" />
    <system value="http://unitsofmeasure.org" />
    <code value="Cel" />
  </valueQuantity>
</Observation>