<Observation xmlns="http://hl7.org/fhir">
	<meta>
		<profile value="https://fhir.nhs.wales/StructureDefinition/DataStandardsWales-Observation" />
	</meta>
	<status value="final" />
	<category>
		<coding>
			<system value="http://terminology.hl7.org/CodeSystem/observation-category" />
			<code value="vital-signs" />
			<display value="Vital Signs" />
		</coding>
	</category>
	<code>
		<coding>
			<system value="http://snomed.info/sct" />
			<code value="27113001" />
			<display value="Body weight" />
		</coding>
		<coding>
			<system value="http://loinc.org" />
			<code value="29463-7" />
			<display value="Body Weight" />
		</coding>
	</code>
    <subject>
        <reference value="Patient/Example-DataStandardsWales-Patient-PeterPiper" />
        <display value="PIPER, Peter (NHS: 1192335566)" />
    </subject>
	<effectiveDateTime value="2022-10-11T14:17:59+01:00" />
	<performer>
		<reference value="Performer/Example-DataStandardsWales-Practitioner-PrescribingNurse" />
	</performer>
	<valueQuantity>
		<value value="65" />
		<unit value="kilogram" />
		<system value="http://unitsofmeasure.org" />
		<code value="kg" />
	</valueQuantity>
</Observation>