<Organization xmlns="http://hl7.org/fhir">
  <id value="Example-DataStandardsWales-Organization-SBUHB" />
  <meta>
    <profile value="https://fhir.nhs.wales/StructureDefinition/DataStandardsWales-Organization" />
  </meta>
  <text>
    <status value="generated" />
    <div xmlns="http://www.w3.org/1999/xhtml">Swansea Bay University Local Health Board</div>
  </text>
  <extension url="http://hl7.org/fhir/StructureDefinition/organization-period">
    <valuePeriod>
      <start value="2009-10-01" />
    </valuePeriod>
  </extension>
  <identifier>
    <system value="https://fhir.nhs.uk/Id/ods-organization-code" />
    <value value="7A3" />
  </identifier>
  <active value="true" />
  <name value="Swansea Bay University Local Health Board" />
  <telecom>
    <system value="phone" />
    <value value="01639 683670" />
  </telecom>
  <address>
    <line value="One Talbot Gateway, Seaway Drive" />
    <line value="Hafan Seaway Parade Industrial Estate" />
    <line value="Baglan" />
    <city value="Port Talbot" />
    <postalCode value="SA12 7BR" />
  </address>
</Organization>