{
  "resourceType": "Claim",
  "id": "7447c471-1ce0-4f5f-9dab-5ffd758c289e",
  "extension": [
    {
      "url": "https://fhir.nhs.uk/StructureDefinition/Extension-Provenance-agent",
      "valueReference": {
        "identifier": {
          "system": "https://fhir.nhs.uk/Id/sds-role-profile-id",
          "value": "884562163557"
        },
        "display": "dummy full name"
      }
    },
    {
      "url": "https://fhir.nhs.uk/StructureDefinition/Extension-replacementOf",
      "valueIdentifier": {
        "value": "46055273-3001-41bd-86a0-f8dba7f2161a"
      }
    }
  ],
  "contained": [
    {
      "resourceType": "PractitionerRole",
      "id": "provider",
      "identifier": [
        {
          "system": "https://fhir.nhs.uk/Id/sds-role-profile-id",
          "value": "774562163557"
        }
      ],
      "code": [
        {
          "coding": [
            {
              "system": "https://fhir.nhs.uk/CodeSystem/NHSDigital-SDS-JobRoleCode",
              "code": "S0030:G0100:R0620"
            }
          ]
        }
      ],
      "practitioner": {
        "identifier": {
          "system": "https://fhir.nhs.uk/Id/sds-user-id",
          "value": "7333654"
        },
        "display": "dummy full name"
      },
      "organization": {
        "reference": "#organisation"
      },
      "telecom": [
        {
          "system": "phone",
          "use": "work",
          "value": "01234567890"
        }
      ]
    },
    {
      "resourceType": "Organization",
      "id": "organisation",
      "identifier": [
        {
          "system": "https://fhir.nhs.uk/Id/ods-organization-code",
          "value": "VNE51"
        }
      ],
      "address": [
        {
          "city": "West Yorkshire",
          "use": "work",
          "line": [
            "17 Austhorpe Road",
            "Crossgates",
            "Leeds"
          ],
          "postalCode": "LS15 8BA"
        }
      ],
      "active": true,
      "type": [
        {
          "coding": [
            {
              "system": "https://fhir.nhs.uk/CodeSystem/organisation-role",
              "code": "182",
              "display": "PHARMACY"
            }
          ]
        }
      ],
      "name": "The Simple Pharmacy",
      "telecom": [
        {
          "system": "phone",
          "use": "work",
          "value": "0113 3180277"
        }
      ]
    }
  ],
  "identifier": [
    {
      "system": "https://fhir.nhs.uk/Id/prescription-dispense-item-number",
      "value": "4509b70d-d8b8-ea03-1105-64557cb54a29"
    }
  ],
  "status": "active",
  "type": {
    "coding": [
      {
        "system": "http://terminology.hl7.org/CodeSystem/claim-type",
        "code": "pharmacy",
        "display": "Pharmacy"
      }
    ]
  },
  "use": "claim",
  "patient": {
    "identifier": {
      "system": "https://fhir.nhs.uk/Id/nhs-number",
      "value": "9300992742"
    },
    "display": "Mrs Chi Edinburgh"
  },
  "created": "2004-09-16T16:30:00+00:00",
  "provider": {
    "reference": "#provider"
  },
  "priority": {
    "coding": [
      {
        "system": "http://terminology.hl7.org/CodeSystem/processpriority",
        "code": "normal"
      }
    ]
  },
  "prescription": {
    "extension": [
      {
        "url": "https://fhir.nhs.uk/StructureDefinition/Extension-DM-GroupIdentifier",
        "extension": [
          {
            "url": "shortForm",
            "valueIdentifier": {
              "system": "https://fhir.nhs.uk/Id/prescription-order-number",
              "value": "82D996-C81010-11DB12"
            }
          },
          {
            "url": "UUID",
            "valueIdentifier": {
              "system": "https://fhir.nhs.uk/Id/prescription",
              "value": "b2fc79f0-2793-4736-9b2d-0976c21e73a5"
            }
          }
        ]
      }
    ],
    "display": "The original prescription"
  },
  "payee": {
    "type": {
      "coding": [
        {
          "system": "http://terminology.hl7.org/CodeSystem/payeetype",
          "code": "provider",
          "display": "Provider"
        }
      ]
    },
    "party": {
      "reference": "#organisation"
    }
  },
  "insurance": [
    {
      "sequence": 1,
      "focal": true,
      "coverage": {
        "identifier": {
          "system": "https://fhir.nhs.uk/Id/ods-organization-code",
          "value": "T1450"
        },
        "display": "NHS BUSINESS SERVICES AUTHORITY"
      }
    }
  ],
  "item": [
    {
      "extension": [
        {
          "url": "https://fhir.nhs.uk/StructureDefinition/Extension-EPS-TaskBusinessStatus",
          "valueCoding": {
            "system": "https://fhir.nhs.uk/CodeSystem/EPS-task-business-status",
            "code": "0006",
            "display": "Dispensed"
          }
        }
      ],
      "sequence": 1,
      "productOrService": {
        "coding": [
          {
            "system": "http://snomed.info/sct",
            "code": "16076005",
            "display": "Prescription"
          }
        ]
      },
      "programCode": [
        {
          "coding": [
            {
              "system": "https://fhir.nhs.uk/CodeSystem/prescription-charge-exemption",
              "code": "0001",
              "display": "Patient has paid appropriate charges"
            }
          ]
        }
      ],
      "detail": [
        {
          "extension": [
            {
              "url": "https://fhir.nhs.uk/StructureDefinition/Extension-ClaimSequenceIdentifier",
              "valueIdentifier": {
                "system": "https://fhir.nhs.uk/Id/claim-sequence-identifier",
                "value": "18fc8a8b-f7c7-4367-80ce-1f4fc84c962d"
              }
            },
            {
              "url": "https://fhir.nhs.uk/StructureDefinition/Extension-ClaimMedicationRequestReference",
              "valueReference": {
                "identifier": {
                  "system": "https://fhir.nhs.uk/Id/prescription-order-item-number",
                  "value": "299c610b-f4f1-4eac-a7d7-4fb6b0556e11"
                }
              }
            }
          ],
          "sequence": 1,
          "productOrService": {
            "coding": [
              {
                "system": "http://snomed.info/sct",
                "code": "39720311000001101",
                "display": "Paracetamol 500mg soluble tablets"
              }
            ]
          },
          "modifier": [
            {
              "coding": [
                {
                  "system": "https://fhir.nhs.uk/CodeSystem/medicationdispense-type",
                  "code": "0001",
                  "display": "Item fully dispensed"
                }
              ]
            }
          ],
          "quantity": {
            "value": 100,
            "unit": "Tablet",
            "system": "http://snomed.info/sct",
            "code": "732936001"
          },
          "programCode": [
            {
              "coding": [
                {
                  "system": "https://fhir.nhs.uk/CodeSystem/DM-prescription-charge",
                  "code": "paid-once",
                  "display": "Paid Once"
                }
              ]
            },
            {
              "coding": [
                {
                  "system": "https://fhir.nhs.uk/CodeSystem/medicationdispense-endorsement",
                  "code": "NDEC",
                  "display": "No Dispenser Endorsement Code"
                }
              ]
            }
          ],
          "subDetail": [
            {
              "sequence": 1,
              "productOrService": {
                "coding": [
                  {
                    "system": "http://snomed.info/sct",
                    "code": "1858411000001101",
                    "display": "Paracetamol 500mg soluble tablets (Alliance Healthcare (Distribution) Ltd) 60 tablet"
                  }
                ]
              },
              "quantity": {
                "value": 60,
                "unit": "tablet",
                "system": "http://snomed.info/sct",
                "code": "732936001"
              }
            },
            {
              "sequence": 2,
              "productOrService": {
                "coding": [
                  {
                    "system": "http://snomed.info/sct",
                    "code": "915611000001105",
                    "display": "Paracetamol 500mg soluble tablets (A A H Pharmaceuticals Ltd)"
                  }
                ]
              },
              "quantity": {
                "value": 24,
                "unit": "tablet",
                "system": "http://snomed.info/sct",
                "code": "732936001"
              }
            },
            {
              "sequence": 3,
              "productOrService": {
                "coding": [
                  {
                    "system": "http://snomed.info/sct",
                    "code": "2274211000001101",
                    "display": "Paracetamol 500mg soluble tablets (Kent Pharma (UK) Ltd) 16 tablet 2 x 8 tablets"
                  }
                ]
              },
              "quantity": {
                "value": 16,
                "unit": "tablet",
                "system": "http://snomed.info/sct",
                "code": "732936001"
              }
            }
          ]
        }
      ]
    }
  ]
}