<?xml version="1.0" encoding="UTF-8"?>
<CodeSystem xmlns="http://hl7.org/fhir">
    <id value="DataStandardsWales-Sex"/>
    <url value="https://fhir.nhs.wales/CodeSystem/DataStandardsWales-Sex"/>	
    <version value="1.0.1" />
    <name value="DataStandardsWalesSex"/>
	<title value="Data Standards Wales Sex"/>
    <status value="active" />
    <experimental value="false" />
    <date value="2023-11-10" />
    <publisher value="NHS Wales" />
	<contact>
		<name value="Data Standards"/>	
		<telecom>
			<system value="email"/>
			<value value="data.standards@wales.nhs.uk"/>
			<use value="work"/>
		</telecom>
	</contact>	
    <description value="Sex"/>
    <copyright value="2024 NHS Wales." />
    <caseSensitive value="true"/>
    <content value="complete"/>
    <concept>
        <code value="F"/>
        <display value="Female"/>
    </concept>
    <concept>
        <code value="U"/>
        <display value="Indeterminate"/>
    </concept>
    <concept>
        <code value="M"/>
        <display value="Male"/>
    </concept>	
	<concept>
        <code value="Z"/>
        <display value="Not disclosed or unknown, e.g. for unborn baby"/>
    </concept>    
</CodeSystem>
