<CodeSystem xmlns="http://hl7.org/fhir">
  <id value="DataStandardsWales-RecordingSetting" />
  <url value="https://fhir.nhs.wales/CodeSystem/DataStandardsWales-RecordingSetting" />
  <version value="1.0.0" />
  <name value="DataStandardsWalesRecordingSetting" />
  <title value="Data Standards Wales CodeSystem Recording Setting" />
  <status value="active" />
  <date value="2025-01-01" />
  <publisher value="NHS Wales" />
  <contact>
    <name value="NHS Wales" />
    <telecom>
      <system value="email" />
      <value value="fhir.standards@wales.nhs.uk" />
      <use value="work" />
      <rank value="1" />
    </telecom>
  </contact>
  <description value="Resource structure is based on UKCore-RecordingSetting v1.0.0 which is not yet included in a balloted release. Added manually to prevent structure deviation and to support NHS Wales projects. Once available, the resource will be updated and derived from UK Core. A CodeSystem to record if an observation was recorded at home or in a clinical setting." />
  <copyright value="2025 NHS Wales" />
  <caseSensitive value="true" />
  <content value="complete" />
  <concept>
    <code value="residential" />
    <display value="Residential" />
  </concept>
  <concept>
    <code value="clinical" />
    <display value="Clinical" />
  </concept>
</CodeSystem>