<CodeSystem xmlns="http://hl7.org/fhir">
  <id value="DataStandardsWales-DocumentDigitalStatus" />
  <url value="https://fhir.nhs.wales/CodeSystem/DataStandardsWales-DocumentDigitalStatus" />
  <version value="0.0.1" />
  <name value="DataStandardsWalesDocumentDigitalStatus" />
  <title value="Data Standards Wales Document Digital Status" />
  <status value="draft" />
  <experimental value="true" />
  <date value="2025-09-19" />
  <publisher value="NHS Wales" />
  <contact>
    <name value="FHIR Standards" />
    <telecom>
      <system value="email" />
      <value value="fhir.standards@wales.nhs.uk" />
      <use value="work" />
      <rank value="1" />
    </telecom>
  </contact>
  <description value="A set of codes used to identify the digital status of a document within NHS Wales" />
  <copyright value="2025 NHS Wales." />
  <caseSensitive value="true" />
  <content value="complete" />
  <concept>
    <code value="born-digital-document" />
    <display value="Born-digital document" />
    <definition value="The document was originally created in a digital format." />
  </concept>
  <concept>
    <code value="scanned-paper-document" />
    <display value="Scanned paper document" />
    <definition value="The document was originally created in a non-digital format and subsequently digitised." />
  </concept>
  <concept>
    <code value="unknown" />
    <display value="Unknown" />
    <definition value="It is unknown whether the document was originally created in a digital or non-digital format." />
  </concept>
</CodeSystem>