<CodeSystem xmlns="http://hl7.org/fhir">
  <id value="DataStandardsWales-UEC-CareConsultationMechanism" />
  <url value="https://fhir.nhs.wales/CodeSystem/DataStandardsWales-UEC-CareConsultationMechanism" />
  <version value="1.0.0" />
  <name value="DataStandardsWales-UEC-CareConsultationMechanism" />
  <title value="Data Standards Wales UEC CareConsultation Mechanism" />
  <status value="active" />
  <experimental value="false" />
  <date value="2025-09-15" />
  <publisher value="NHS Wales" />
  <contact>
    <name value="Data Standards" />
    <telecom>
      <system value="email" />
      <value value="data.standards@wales.nhs.uk" />
      <use value="work" />
    </telecom>
  </contact>
  <description value="This CodeSystem indicates the mechanism of the consultation." />
  <copyright value="2025 NHS Wales." />
  <caseSensitive value="true" />
  <content value="complete" />
  <concept>
    <code value="Face-to-face" />
    <display value="Face to face" />
  </concept>
  <concept>
    <code value="Telephone" />
    <display value="Telephone" />
  </concept>
  <concept>
    <code value="Video-Consultation" />
    <display value="Video Consultation" />
  </concept>
  <concept>
    <code value="Chat-Room-(Synchronous)" />
    <display value="Chat Room (Synchronous)" />
  </concept>
</CodeSystem>