<?xml version="1.0" encoding="UTF-8"?>
<CodeSystem xmlns="http://hl7.org/fhir">
	<id value="DataStandardsWales-WrrsTaskType"/>
	<url value="https://fhir.nhs.wales/CodeSystem/DataStandardsWales-WrrsTaskType"/>
    <version value="0.0.5" />
	<name value="DataStandardsWalesWrrsTaskType"/>
	<title value="Data Standards Wales WRRS Task Type"/>
    <status value="draft" />
    <experimental value="true" />	
    <date value="2023-05-24" />
    <publisher value="NHS Wales" />
	<contact>
		<name value="Data Standards"/>	
		<telecom>
			<system value="email"/>
			<value value="data.standards@wales.nhs.uk"/>
			<use value="work"/>
		</telecom>
	</contact>	
	<description value="A set of task type codes for the Welsh Result Reporting Service (WRRS)"/>
    <copyright value="2024 NHS Wales." />
	<caseSensitive value="true"/>
	<content value="complete"/>
	<concept>
		<code value="acknowledge-personal-notification"/>
		<display value="Acknowledge personal notification"/>
		<definition value="A request to acknowledge a personal notification for a completed diagnostic test report generated by the WRRS system. A pesonal notification is sent to the test requestor, or has been forwarded by another clinical user."/>
	</concept>	
	<concept>
		<code value="acknowledge-report-notification"/>
		<display value="Acknowledge report notification"/>
		<definition value="A request to acknowledge a general notification for a completed diagnostic test report generated by the WRRS system."/>
	</concept>			
</CodeSystem>
