<CodeSystem xmlns="http://hl7.org/fhir">
  <id value="DataStandardsWales-Title" />
  <meta>
    <versionId value="3" />
    <lastUpdated value="2023-04-19T11:28:07.823+00:00" />
  </meta>
  <text>
    <status value="generated" />
    <div xmlns="http://www.w3.org/1999/xhtml">
      <h2>Data Standards Wales Title</h2>
      <tt>https://fhir.nhs.wales/CodeSystem/DataStandardsWales-Title</tt>
    </div>
  </text>
  <url value="https://fhir.nhs.wales/CodeSystem/DataStandardsWales-Title" />
  <version value="1.0.1" />
  <name value="DataStandardsWalesTitle" />
  <title value="Data Standards Wales Title" />
  <status value="active" />
  <experimental value="false" />
  <date value="2023-11-10" />
  <publisher value="NHS Wales" />
  <contact>
    <name value="Data Standards" />
    <telecom>
      <system value="email" />
      <value value="data.standards@wales.nhs.uk" />
    </telecom>
  </contact>
  <copyright value="2023 NHS Wales." />
  <caseSensitive value="true" />
  <hierarchyMeaning value="is-a" />
  <compositional value="false" />
  <versionNeeded value="false" />
  <content value="complete" />
  <count value="24" />
  <filter>
    <code value="Status" />
    <description value="Filter whether the element is active" />
    <operator value="=" />
    <value value="Status" />
  </filter>
  <property>
    <code value="Publish Date" />
    <description value="The date on which the concept was first published and/or updated" />
    <type value="string" />
  </property>
  <property>
    <code value="Retired Date" />
    <description value="The date from which the concept was published as retired" />
    <type value="string" />
  </property>
  <property>
    <code value="Status" />
    <description value="The status of the concept can be one of: draft | active | retired | unknown" />
    <type value="string" />
  </property>
  <concept>
    <code value="Admr" />
    <display value="Admiral" />
    <property>
      <code value="Publish Date" />
      <valueString value="2022-05-26T09:00:30Z" />
    </property>
    <property>
      <code value="Status" />
      <valueString value="active" />
    </property>
  </concept>
  <concept>
    <code value="Baron" />
    <display value="Baron" />
    <property>
      <code value="Publish Date" />
      <valueString value="2022-05-26T09:00:30Z" />
    </property>
    <property>
      <code value="Status" />
      <valueString value="active" />
    </property>
  </concept>
  <concept>
    <code value="Brig" />
    <display value="Brigadier" />
    <property>
      <code value="Publish Date" />
      <valueString value="2022-05-26T09:00:30Z" />
    </property>
    <property>
      <code value="Status" />
      <valueString value="active" />
    </property>
  </concept>
  <concept>
    <code value="Bshp" />
    <display value="Bishop" />
    <property>
      <code value="Publish Date" />
      <valueString value="2022-05-26T09:00:30Z" />
    </property>
    <property>
      <code value="Status" />
      <valueString value="active" />
    </property>
  </concept>
  <concept>
    <code value="Can" />
    <display value="Canon" />
    <property>
      <code value="Publish Date" />
      <valueString value="2022-05-26T09:00:30Z" />
    </property>
    <property>
      <code value="Status" />
      <valueString value="active" />
    </property>
  </concept>
  <concept>
    <code value="Capt" />
    <display value="Captain" />
    <property>
      <code value="Publish Date" />
      <valueString value="2022-05-26T09:00:30Z" />
    </property>
    <property>
      <code value="Status" />
      <valueString value="active" />
    </property>
  </concept>
  <concept>
    <code value="Col" />
    <display value="Colonel" />
    <property>
      <code value="Publish Date" />
      <valueString value="2022-05-26T09:00:30Z" />
    </property>
    <property>
      <code value="Status" />
      <valueString value="active" />
    </property>
  </concept>
  <concept>
    <code value="Dame" />
    <display value="Dame" />
    <property>
      <code value="Publish Date" />
      <valueString value="2022-05-26T09:00:30Z" />
    </property>
    <property>
      <code value="Status" />
      <valueString value="active" />
    </property>
  </concept>
  <concept>
    <code value="Dr" />
    <display value="Doctor" />
    <property>
      <code value="Publish Date" />
      <valueString value="2022-05-26T09:00:30Z" />
    </property>
    <property>
      <code value="Status" />
      <valueString value="active" />
    </property>
  </concept>
  <concept>
    <code value="Ftr" />
    <display value="Father" />
    <property>
      <code value="Publish Date" />
      <valueString value="2022-05-26T09:00:30Z" />
    </property>
    <property>
      <code value="Status" />
      <valueString value="active" />
    </property>
  </concept>
  <concept>
    <code value="Lady" />
    <display value="Lady" />
    <property>
      <code value="Publish Date" />
      <valueString value="2022-05-26T09:00:30Z" />
    </property>
    <property>
      <code value="Status" />
      <valueString value="active" />
    </property>
  </concept>
  <concept>
    <code value="Lord" />
    <display value="Lord" />
    <property>
      <code value="Publish Date" />
      <valueString value="2022-05-26T09:00:30Z" />
    </property>
    <property>
      <code value="Status" />
      <valueString value="active" />
    </property>
  </concept>
  <concept>
    <code value="Miss" />
    <display value="Miss" />
    <property>
      <code value="Publish Date" />
      <valueString value="2022-05-26T09:00:30Z" />
    </property>
    <property>
      <code value="Status" />
      <valueString value="active" />
    </property>
  </concept>
  <concept>
    <code value="Mjr" />
    <display value="Major" />
    <property>
      <code value="Publish Date" />
      <valueString value="2022-05-26T09:00:30Z" />
    </property>
    <property>
      <code value="Status" />
      <valueString value="active" />
    </property>
  </concept>
  <concept>
    <code value="Mr" />
    <display value="Mr" />
    <property>
      <code value="Publish Date" />
      <valueString value="2022-05-26T09:00:30Z" />
    </property>
    <property>
      <code value="Status" />
      <valueString value="active" />
    </property>
  </concept>
  <concept>
    <code value="Mrs" />
    <display value="Mrs" />
    <property>
      <code value="Publish Date" />
      <valueString value="2022-05-26T09:00:30Z" />
    </property>
    <property>
      <code value="Status" />
      <valueString value="active" />
    </property>
  </concept>
  <concept>
    <code value="Ms" />
    <display value="Ms" />
    <property>
      <code value="Publish Date" />
      <valueString value="2022-05-26T09:00:30Z" />
    </property>
    <property>
      <code value="Status" />
      <valueString value="active" />
    </property>
  </concept>
  <concept>
    <code value="Mstr" />
    <display value="Master" />
    <property>
      <code value="Publish Date" />
      <valueString value="2022-05-26T09:00:30Z" />
    </property>
    <property>
      <code value="Status" />
      <valueString value="active" />
    </property>
  </concept>
  <concept>
    <code value="Mx" />
    <display value="Mx" />
    <property>
      <code value="Publish Date" />
      <valueString value="2022-05-26T09:00:30Z" />
    </property>
    <property>
      <code value="Status" />
      <valueString value="active" />
    </property>
  </concept>
  <concept>
    <code value="Prof" />
    <display value="Professor" />
    <property>
      <code value="Publish Date" />
      <valueString value="2022-05-26T09:00:30Z" />
    </property>
    <property>
      <code value="Status" />
      <valueString value="active" />
    </property>
  </concept>
  <concept>
    <code value="Rev" />
    <display value="Reverend" />
    <property>
      <code value="Publish Date" />
      <valueString value="2022-05-26T09:00:30Z" />
    </property>
    <property>
      <code value="Status" />
      <valueString value="active" />
    </property>
  </concept>
  <concept>
    <code value="Sgt" />
    <display value="Sergeant" />
    <property>
      <code value="Publish Date" />
      <valueString value="2022-05-26T09:00:30Z" />
    </property>
    <property>
      <code value="Status" />
      <valueString value="active" />
    </property>
  </concept>
  <concept>
    <code value="Sir" />
    <display value="Sir" />
    <property>
      <code value="Publish Date" />
      <valueString value="2022-05-26T09:00:30Z" />
    </property>
    <property>
      <code value="Status" />
      <valueString value="active" />
    </property>
  </concept>
  <concept>
    <code value="Sstr" />
    <display value="Sister" />
    <property>
      <code value="Publish Date" />
      <valueString value="2022-05-26T09:00:30Z" />
    </property>
    <property>
      <code value="Status" />
      <valueString value="active" />
    </property>
  </concept>
</CodeSystem>