{
  "resourceType": "Bundle",
  "id":"Example-DataStandardsWales-Bundle-Allergies-Upgrade",
  "type": "transaction",
  "entry": [
    {
      "resource": {
        "resourceType": "AllergyIntolerance",
        "id": "Example-DataStandardsWales-AllergyIntolerance-DegradedAspirin",
        "meta": {
          "profile": [
            "https://fhir.nhs.wales/StructureDefinition/DataStandardsWales-AllergyIntolerance"
          ]
        },
        "clinicalStatus": {
          "coding": [
            {
              "system": "http://terminology.hl7.org/CodeSystem/allergyintolerance-clinical",
              "code": "active",
              "display": "Active"
            }
          ]
        },
        "verificationStatus": {
          "coding": [
            {
              "system": "http://terminology.hl7.org/CodeSystem/allergyintolerance-verification",
              "code": "confirmed",
              "display": "Confirmed"
            }
          ]
        },
        "code": {
          "coding": [
            {
              "system": "http://snomed.info/sct",
              "code": "387207008",
              "display": "Ibuprofen"
            }
          ]
        },
        "reaction": [
          {
            
            "manifestation": [
              {
                "coding": [
                  {
                    "system": "http://snomed.info/sct",
                    "code": "422400008",
                    "display": "Vomiting"
                  }
                ]
              }
            ]
          }
        ],
        "patient": {
          "reference": "Patient/Example-DataStandardsWales-Patient-AliceJones",
          "display": "JONES, Alice"
        },
        "recordedDate": "2001-01-01T23:59:00+00:00"
       
      },
      "request": {
          "method": "PUT",
          "url": "AllergyIntolerance"
      }
    },
    {
      "resource":{
        "resourceType": "AllergyIntolerance",
        "id": "Example-DataStandardsWales-AllergyIntolerance-Aspirin",
        "meta": {
          "profile": [
            "https://fhir.nhs.wales/StructureDefinition/DataStandardsWales-AllergyIntolerance"
          ]
        },
        "clinicalStatus": {
          "coding": [
            {
              "system": "http://terminology.hl7.org/CodeSystem/allergyintolerance-clinical",
              "code": "active",
              "display": "Active"
            }
          ]
        },
        "verificationStatus": {
          "coding": [
            {
              "system": "http://terminology.hl7.org/CodeSystem/allergyintolerance-verification",
              "code": "unconfirmed",
              "display": "Unconfirmed"
            }
          ]
        },
        "type": "allergy",
        "category": [
          "medication"
        ],
        "code": {
          "coding": [
            {
              "system": "http://snomed.info/sct",
              "code": "7947003",
              "display": "Aspirin"
            }
          ]
        },
        "patient": {
          "reference": "Patient/Example-DataStandardsWales-Patient-AliceJones",
          "display": "JONES, Alice"
        },
        "recordedDate": "2001-01-01T23:59:00+00:00",
        "recorder": {
          "reference": "Practitioner/Example-DataStandardsWales-Practitioner-Consultant",
          "display": "PATEL, Dhiren (GMC:9630333), consultant, Geriatric Medicine"
        },
        "lastOccurrence": "2001-01-01T23:59:00+00:00",
        "reaction": [
          {
            "manifestation": [
              {
                "coding": [
                  {
                    "system": "http://snomed.info/sct",
                    "code": "230145002",
                    "display": "Difficulty breathing"
                  }
                ]
              }
            ],
            "severity": "mild"
          }
        ]
      },
      "request": {
          "method": "PUT",
          "url": "AllergyIntolerance"
      }
    },
    {
      "resource": {
        "resourceType": "AllergyIntolerance",
        "id": "Example-DataStandardsWales-AllergyIntolerance-Potato",
        "meta": {
          "profile": [
            "https://fhir.nhs.wales/StructureDefinition/DataStandardsWales-AllergyIntolerance"
          ]
        },
        "clinicalStatus": {
          "coding": [
            {
              "system": "http://terminology.hl7.org/CodeSystem/allergyintolerance-clinical",
              "code": "active",
              "display": "Active"
            }
          ]
        },
        "verificationStatus": {
          "coding": [
            {
              "system": "http://terminology.hl7.org/CodeSystem/allergyintolerance-verification",
              "code": "unconfirmed",
              "display": "Unconfirmed"
            }
          ]
        },
        "type": "allergy",
        "category": ["food"],
        "code": {
        "coding": [
          {
            "system": "http://snomed.info/sct",
            "code": "735053000",
            "display": "Potato"
          }
        ]},
        "patient": {
          "reference": "Patient/Example-DataStandardsWales-Patient-AliceJones",
          "display": "JONES, Alice"
        },
        "recorder": {
          "reference": "Practitioner/Example-DataStandardsWales-Practitioner-Consultant",
          "display": "PATEL, Dhiren (GMC:9630333), consultant, Geriatric Medicine"
        },
        "lastOccurrence": "2001-01-01T23:59:00+00:00",
        "recordedDate": "2001-01-01T23:59:00+00:00",
        "reaction": [
          {
            "substance": {
              "coding": [
                {
                  "system": "http://snomed.info/sct",
                  "code": "227589001",
                  "display": "Potato chips (substance)"
                }
              ]
            },
            "manifestation": [
              {
                "coding": [
                  {
                    "system": "http://snomed.info/sct",
                    "code": "247472004",
                    "display": "Urticarial rash"
                  }
                ]
              }
            ],
            "severity": "mild"
          }
        ]
      },
      "request": {
          "method": "PUT",
          "url": "AllergyIntolerance"
      }
    },
    {
      "resource": {
        "resourceType": "AllergyIntolerance",
        "id": "Example-DataStandardsWales-AllergyIntolerance-DegradedMorphine",
        "meta": {
          "profile": [
            "https://fhir.nhs.wales/StructureDefinition/DataStandardsWales-AllergyIntolerance"
          ]
        },
        "clinicalStatus": {
          "coding": [
            {
              "system": "http://terminology.hl7.org/CodeSystem/allergyintolerance-clinical",
              "code": "active",
              "display": "Active"
            }
          ]
        },
        "verificationStatus": {
          "coding": [
            {
              "system": "http://terminology.hl7.org/CodeSystem/allergyintolerance-verification",
              "code": "confirmed",
              "display": "Confirmed"
            }
          ]
        },
        "code": {
          "coding": [
            {
              "system": "http://snomed.info/sct",
              "code": "373529000",
              "display": "Morphine"
            }
          ]
        },
        "reaction": [
          {
            
            "substance": {
              "coding": [
                {
                  "system": "http://snomed.info/sct",
                  "code": "9291801000001101 ",
                  "display": "Oramorph"
                }
              ]
            },
            "manifestation": [
              {
                "coding": [
                  {
                    "system": "http://snomed.info/sct",
                    "code": "80495009",
                    "display": "Sleepwalking"
                  }
                ]
              },
              {
                "coding": [
                  {
                    "system": "http://snomed.info/sct",
                    "code": "130987000",
                    "display": "Acute confusion"
                  }
                ]
              },
              {
                "coding": [
                  {
                    "system": "http://snomed.info/sct",
                    "code": "7011001",
                    "display": "Hallucinations"
                  }
                ]
              }
            ],
            "severity": "mild"
          }]
          ,
          "patient": {
            "reference": "Patient/Example-DataStandardsWales-Patient-AliceJones",
            "display": "JONES, Alice"
          }},
          "request": {
              "method": "PUT",
              "url": "AllergyIntolerance"
          }
    },
    {
      "resource": {
        "resourceType": "AllergyIntolerance",
        "id": "Example-DataStandardsWales-AllergyIntolerance-DegradedWasps",
        "meta": {
          "profile": [
            "https://fhir.nhs.wales/StructureDefinition/DataStandardsWales-AllergyIntolerance"
          ]
        },
        "clinicalStatus": {
          "coding": [
            {
              "system": "http://terminology.hl7.org/CodeSystem/allergyintolerance-clinical",
              "code": "active",
              "display": "Active"
            }
          ]
        },
        "verificationStatus": {
          "coding": [
            {
              "system": "http://terminology.hl7.org/CodeSystem/allergyintolerance-verification",
              "code": "confirmed",
              "display": "Confirmed"
            }
          ]
        },
        "code": {
          "coding": [
            {
              "system": "http://snomed.info/sct",
              "code": "88030006",
              "display": "Wasp"
            }
          ]
        }
        ,
        "reaction": [
          {
            
            "substance": {
              "coding": [
                {
                  "system": "http://snomed.info/sct",
                  "code": "256440004",
                  "display": "Wasp venom"
                }
              ]
            },
            "manifestation": [
              {
                "coding": [
                  {
                    "system": "http://snomed.info/sct",
                    "code": "241932006",
                    "display": "Wasp sting-induced anaphylaxis"
                  }
                ]
              }
            ],
            "severity": "severe"
          }],
        "patient": {
          "reference": "Patient/Example-DataStandardsWales-Patient-AliceJones",
          "display": "JONES, Alice"
        },
        "recordedDate": "2001-01-01T23:59:00+00:00"
      },
      "request": {
          "method": "PUT",
          "url": "AllergyIntolerance"
      }
    }
  ]
}
