{
	"resourceType": "AllergyIntolerance",
	"id": "Example-DataStandardsWales-AllergyIntolerance-Potato-SoftDelete",
	"meta": {
		"profile": [
			"https://fhir.nhs.wales/StructureDefinition/DataStandardsWales-AllergyIntolerance"
		]
	},
	"verificationStatus": {
		"coding": [
			{
				"system": "http://terminology.hl7.org/CodeSystem/allergyintolerance-verification",
				"code": "entered-in-error",
				"display": "Entered in error"
			}
		]
	},
	"note":{"text":"wrong patient- similar name"},
	"type": "allergy",
	"category": [
		"food"
	],
	"code": {
	"coding": [
		{
			"system": "http://snomed.info/sct",
			"code": "735053000",
			"display": "Potato"
		}
	]},
	"patient": {
		"reference": "Patient/Example-DataStandardsWales-Patient-AliceJones",
		"display": "JONES, Alice"
	},
	"recorder": {
		"reference": "Practitioner/Example-DataStandardsWales-Practitioner-Consultant",
		"display": "PATEL, Dhiren (GMC:9630333), consultant, Geriatric Medicine"
	},
	"lastOccurrence": "2001-01-01T23:59:00+00:00",
	"recordedDate": "2001-01-01T23:59:00+00:00",
	"reaction": [
		{
			"substance": {
				"coding": [
					{
						"system": "http://snomed.info/sct",
						"code": "227589001",
						"display": "Potato chips (substance)"
					}
				]
			},
			"manifestation": [
				{
					"coding": [
						{
							"system": "http://snomed.info/sct",
							"code": "247472004",
							"display": "Urticarial rash"
						}
					]
				}
			],
			"severity": "mild"
		}
	]
}