{
  "resourceType": "AllergyIntolerance",
  "id": "Example-DataStandardsWales-AllergyIntolerance-Wasps",
  "meta": {
    "profile": [
      "https://fhir.nhs.wales/StructureDefinition/DataStandardsWales-AllergyIntolerance"
    ]
  },
  "clinicalStatus": {
    "coding": [
      {
        "system": "http://terminology.hl7.org/CodeSystem/allergyintolerance-clinical",
        "code": "active",
        "display": "Active"
      }
    ]
  },
  "verificationStatus": {
    "coding": [
      {
        "system": "http://terminology.hl7.org/CodeSystem/allergyintolerance-verification",
        "code": "confirmed",
        "display": "Confirmed"
      }
    ]
  },
  "code": {
    "coding": [
      {
        "system": "http://snomed.info/sct",
        "code": "88030006",
        "display": "Wasp"
      }
    ]
  },
  "patient": {
    "reference": "Patient/Example-DataStandardsWales-Patient-AliceJones",
    "display": "JONES, Alice"
  },
  "recordedDate": "2001-01-01T23:59:00+00:00",
  "reaction": [
    {
      "substance": {
        "coding": [
          {
            "system": "http://snomed.info/sct",
            "code": "256440004",
            "display": "Wasp venom"
          }
        ]
      },
      "manifestation": [
        {
          "coding": [
            {
              "system": "http://snomed.info/sct",
              "code": "241932006",
              "display": "Wasp sting-induced anaphylaxis"
            }
          ]
        }
      ],
      "severity": "severe"
    }
  ]
}