{
  "resourceType": "AllergyIntolerance",
  "id": "Example-DataStandardsWales-AllergyIntolerance-Aspirin",
  "meta": {
    "profile": [
      "https://fhir.nhs.wales/StructureDefinition/DataStandardsWales-AllergyIntolerance"
    ]
  },
  "clinicalStatus": {
    "coding": [
      {
        "system": "http://terminology.hl7.org/CodeSystem/allergyintolerance-clinical",
        "code": "active",
        "display": "active"
      }
    ]
  },
  "verificationStatus": {
    "coding": [
      {
        "system": "http://terminology.hl7.org/CodeSystem/allergyintolerance-verification",
        "code": "unconfirmed",
        "display": "unconfirmed"
      }
    ]
  },
  "type": "allergy",
  "category": [
    "medication"
  ],
  "code": {
    "coding": [
      {
        "system": "http://snomed.info/sct",
        "code": "7947003",
        "display": "Aspirin"
      }
    ]
  },
  "patient": {
    "reference": "Patient/Example-DataStandardsWales-Patient-AliceJones",
    "display": "JONES, Alice"
  },
  "recordedDate": "2001-01-01T23:59:00+00:00",
  "recorder": {
    "reference": "Practitioner/Example-DataStandardsWales-Practitioner-Consultant",
    "display": "PATEL, Dhiren (GMC:9630333), consultant, Geriatric Medicine"
  },
  "lastOccurrence": "2001-01-01T23:59:00+00:00",
  "reaction": [
    {
      "manifestation": [
        {
          "coding": [
            {
              "system": "http://snomed.info/sct",
              "code": "230145002",
              "display": "Difficulty breathing"
            }
          ]
        }
      ],
      "severity": "mild"
    }
  ]
}