{
  "resourceType": "AllergyIntolerance",
  "id": "Example-DataStandardsWales-AllergyIntolerance-DegradedWasps",
  "meta": {
    "profile": [
      "https://fhir.nhs.wales/StructureDefinition/DataStandardsWales-AllergyIntolerance"
    ]
  },
  "clinicalStatus": {
    "coding": [
      {
        "system": "http://terminology.hl7.org/CodeSystem/allergyintolerance-clinical",
        "code": "active",
        "display": "Active"
      }
    ]
  },
  "verificationStatus": {
    "coding": [
      {
        "system": "http://terminology.hl7.org/CodeSystem/allergyintolerance-verification",
        "code": "unconfirmed",
        "display": "Unconfirmed"
      }
    ]
  },
  "code": {
    "coding": [
      {
        "system": "http://snomed.info/sct",
        "code": "196471000000108",
        "display": "Transfer-degraded non-drug allergy"
      }
    ],
    "text": "Wasps"
  },
  "patient": {
    "reference": "Patient/Example-DataStandardsWales-Patient-AliceJones",
    "display": "JONES, Alice"
  },
  "recordedDate": "2001-01-01T23:59:00+00:00",
  "reaction": [
    {
      "manifestation": [
        {
          "text": "has anaphylactic shock"
        }
      ]
    }
  ]
}