<Observation xmlns="http://hl7.org/fhir">
	<id value="Example-DataStandardsWales-Observation-VitalSigns-HeadCircumference"/>
	<meta>
		<profile value="https://fhir.nhs.wales/StructureDefinition/DataStandardsWales-Observation-VitalSigns" />
	</meta>
	<status value="final" />
	<category>
		<coding>
			<system value="http://terminology.hl7.org/CodeSystem/observation-category"/>
			<code value="vital-signs"/>
			<display value="Vital Signs"/>
		</coding>
	</category>
	<code>
		<coding>
			<system value="http://snomed.info/sct" />
			<code value="363812007" />
			<display value="Head circumference" />
		  </coding>
	</code>
	<subject>
		<reference value="Patient/Example-DataStandardsWales-Patient-PaediatricPatient" />
	</subject>
	<encounter>
		<reference value="Encounter/Example-DataStandardsWales-Encounter-OutpatientClinic"/>
	</encounter>
	<performer>
		<reference value="Practitioner/Example-DataStandardsWales-Practitioner-PaediatricNurse" />
		<display value="SMITH, John (NMC:14H8558P), Registered Nurse"/>
	</performer>
	<effectiveDateTime value="2024-08-07T12:10:11Z"/>
	<valueQuantity>
		<value value="35.4"/>
		<unit value="centimeter"/>
		<system value="http://unitsofmeasure.org"/>
		<code value="cm"/>
	</valueQuantity>
</Observation>