<Observation>
  <id value="Example-DataStandardsWales-Observation-VitalSigns-BMI" />
  <meta>
    <profile value="https://fhir.nhs.wales/StructureDefinition/DataStandardsWales-Observation-VitalSigns-BMI" />
  </meta>
  <status value="final" />
  <category>
    <coding>
      <system value="http://terminology.hl7.org/CodeSystem/observation-category" />
      <code value="vital-signs" />
      <display value="Vital Signs" />
    </coding>
  </category>
  <code>
    <coding>
      <system value="http://snomed.info/sct" />
      <code value="60621009" />
      <display value="Body mass index" />
    </coding>
  </code>
  <subject>
    <reference value="Patient/Example-DataStandardsWales-Patient-AliceJones" />
    <display value="JONES, Alice (NHS:9912003444)" />
  </subject>
  <encounter>
    <reference value="Encounter/Example-DataStandardsWales-Encounter-OutpatientClinic" />
  </encounter>
  <performer>
    <reference value="Practitioner/Example-DataStandardsWales-Practitioner-PaediatricNurse" />
    <display value="SMITH, John (NMC:14H8558P), Registered Nurse" />
  </performer>
  <!-- Observation effective date -->
  <effectiveDateTime value="2024-08-07T12:10:11Z" />
  <valueQuantity>
    <value value="14.88" />
    <unit value="kilogram / (meter ^ 2)" />
    <system value="http://unitsofmeasure.org" />
    <code value="kg/m2" />
  </valueQuantity>
  <derivedFrom>
    <reference value="Example-DataStandardsWales-Observation-Height" />
  </derivedFrom>
  <derivedFrom>
    <reference value="Example-DataStandardsWales-Observation-Weight" />
  </derivedFrom>
</Observation>