<ValueSet xmlns="http://hl7.org/fhir">
  <id value="DataStandardsWales-RecordingSetting" />
  <url value="https://fhir.nhs.wales/ValueSet/DataStandardsWales-RecordingSetting" />
  <version value="1.0.0" />
  <name value="DataStandardsWalesRecordingSetting" />
  <title value="Data Standards Wales ValueSet Recording Setting" />
  <status value="active" />
  <date value="2025-01-01" />
  <publisher value="NHS Wales" />
  <contact>
    <name value="NHS Wales" />
    <telecom>
      <system value="email" />
      <value value="fhir.standards@wales.nhs.uk" />
      <use value="work" />
      <rank value="1" />
    </telecom>
  </contact>
  <description value="Resource structure is based on UKCore-RecordingSetting v1.0.0 which is not yet included in a balloted release. Added manually to prevent structure deviation and to support NHS Wales projects. Once available, the resource will be updated and derived from UK Core. A set of codes that define whether an observation was taken at home or in a clinical setting." />
  <copyright value="2025 NHS Wales" />
  <compose>
    <include>
      <system value="https://fhir.nhs.wales/CodeSystem/DataStandardsWalesRecordingSetting" />
    </include>
  </compose>
  <expansion>
    <identifier value="214adc79-3eb3-4cd5-81ce-bba8a45293b1" />
    <timestamp value="2023-09-12T15:00:00+00:00" />
    <total value="2" />
    <offset value="0" />
    <contains>
      <system value="https://fhir.nhs.wales/CodeSystem/DataStandardsWalesRecordingSetting" />
      <code value="residential" />
      <display value="Residential" />
    </contains>
    <contains>
      <system value="https://fhir.nhs.wales/CodeSystem/DataStandardsWalesRecordingSetting" />
      <code value="clinical" />
      <display value="Clinical" />
    </contains>
  </expansion>
</ValueSet>