<ValueSet xmlns="http://hl7.org/fhir">
  <id value="DataStandardsWales-BodyTemperature" />
  <url value="https://fhir.nhs.wales/ValueSet/DataStandardsWales-BodyTemperature" />
  <version value="1.0.0" />
  <name value="DataStandardsWalesBodyTemperature" />
  <title value="Data Standards Wales ValueSet Body Temperature" />
  <status value="active" />
  <date value="2025-01-01" />
  <publisher value="NHS Wales" />
  <contact>
    <name value="NHS Wales" />
    <telecom>
      <system value="email" />
      <value value="fhir.standards@wales.nhs.uk" />
      <use value="work" />
      <rank value="1" />
    </telecom>
  </contact>
  <description value="Resource structure is based on UKCore-BodyTemperature v1.0.0 which is not yet included in a balloted release. Added manually to prevent structure deviation and to support NHS Wales projects. Once available, the resource will be updated and derived from UK Core. A set of codes regarding laboratory medicine test requests and results intended for use by pathology services and their users. Selected from the SNOMED CT UK coding system: \n \n - DescendantOrSelfOf 386725007 | Body temperature  \n - MINUS \n - DescendantOrSelfOf 248458005 | Comparative temperature in limbs  \n - DescendantOrSelfOf 852591000000107 | Maximum body temperature  &amp;nbsp;\n - DescendantOrSelfOf 852601000000101 | Minimum body temperature  &amp;nbsp;\n - DescendantOrSelfOf 852581000000105 | Target body temperature  &amp;nbsp;\n - DescendantOrSelfOf 364419004 | Temperature of cervical spine  &amp;nbsp;\n - DescendantOrSelfOf 364424001 | Temperature of thoracic spine  &amp;nbsp;\n - DescendantOrSelfOf 364429006 | Temperature of lumbar spine &amp;nbsp;\n - DescendantOrSelfOf 248835004 | Temperature of breast  &amp;nbsp;\n - DescendantOrSelfOf 250124002 | Temperature of joint  &amp;nbsp;\n - DescendantOrSelfOf 431197002 | Temperature of digit  &amp;nbsp;\n - DescendantOrSelfOf 364518005 | Temperature of foot  &amp;nbsp;\n - DescendantOrSelfOf 363997004 | Temperature of pinna  &amp;nbsp;\n - DescendantOrSelfOf 364537001 | Temperature of skin  &amp;nbsp;\n - DescendantOrSelfOf 364246006 | Temperature of vagina  &amp;nbsp;\n - DescendantOrSelfOf 431598003 | Temperature of oesophagus)" />
  <copyright value="2025 NHS Wales" />
  <compose>
    <include>
      <system value="http://snomed.info/sct" />
      <filter>
        <property value="constraint" />
        <op value="=" />
        <value value="DescendantOrSelfOf 386725007 MINUS (DescendantOrSelfOf 248458005 OR DescendantOrSelfOf 852591000000107 OR DescendantOrSelfOf 852601000000101 OR DescendantOrSelfOf 852581000000105 OR DescendantOrSelfOf 364419004 OR DescendantOrSelfOf 364424001 OR DescendantOrSelfOf 364429006 OR DescendantOrSelfOf 248835004 OR DescendantOrSelfOf 250124002 OR DescendantOrSelfOf 431197002 OR DescendantOrSelfOf 364518005 OR DescendantOrSelfOf 363997004  OR DescendantOrSelfOf 364537001 OR DescendantOrSelfOf 364246006 OR DescendantOrSelfOf 431598003)" />
      </filter>
    </include>
  </compose>
  <expansion>
    <identifier value="d75409bd-f6ae-4634-8521-4f9bd9b43a29" />
    <timestamp value="2023-10-31T15:42:00+00:00" />
    <total value="15" />
    <offset value="0" />
    <contains>
      <system value="http://snomed.info/sct" />
      <code value="415882003" />
      <display value="Axillary temperature" />
    </contains>
    <contains>
      <system value="http://snomed.info/sct" />
      <code value="300076005" />
      <display value="Basal body temperature" />
    </contains>
    <contains>
      <system value="http://snomed.info/sct" />
      <code value="698832009" />
      <display value="Bladder temperature" />
    </contains>
    <contains>
      <system value="http://snomed.info/sct" />
      <code value="386725007" />
      <display value="Body temperature" />
    </contains>
    <contains>
      <system value="http://snomed.info/sct" />
      <code value="431807005" />
      <display value="Body temperature taken with digital thermometer" />
    </contains>
    <contains>
      <system value="http://snomed.info/sct" />
      <code value="276885007" />
      <display value="Core body temperature" />
    </contains>
    <contains>
      <system value="http://snomed.info/sct" />
      <code value="1222808002" />
      <display value="Core body temperature measured in blood" />
    </contains>
    <contains>
      <system value="http://snomed.info/sct" />
      <code value="415921007" />
      <display value="Forehead skin strip temperature" />
    </contains>
    <contains>
      <system value="http://snomed.info/sct" />
      <code value="415922000" />
      <display value="Forehead temperature" />
    </contains>
    <contains>
      <system value="http://snomed.info/sct" />
      <code value="415929009" />
      <display value="Groin temperature" />
    </contains>
    <contains>
      <system value="http://snomed.info/sct" />
      <code value="698831002" />
      <display value="Nasopharyngeal temperature" />
    </contains>
    <contains>
      <system value="http://snomed.info/sct" />
      <code value="415945006" />
      <display value="Oral temperature" />
    </contains>
    <contains>
      <system value="http://snomed.info/sct" />
      <code value="307047009" />
      <display value="Rectal temperature" />
    </contains>
    <contains>
      <system value="http://snomed.info/sct" />
      <code value="708499008" />
      <display value="Temperature of neonate at birth" />
    </contains>
    <contains>
      <system value="http://snomed.info/sct" />
      <code value="415974002" />
      <display value="Tympanic temperature" />
    </contains>
  </expansion>
</ValueSet>