<ValueSet xmlns="http://hl7.org/fhir">
  <id value="DataStandardsWales-WrrsTaskType" />
  <url value="https://fhir.nhs.wales/ValueSet/DataStandardsWales-WrrsTaskType" />
  <version value="0.0.5" />
  <name value="DataStandardsWalesWrrsTaskType" />
  <title value="Data Standards Wales WRRS Task Type" />
  <status value="draft" />
  <experimental value="true" />
  <date value="2023-05-24" />
  <publisher value="NHS Wales" />
  <contact>
    <name value="Data Standards" />
    <telecom>
      <system value="email" />
      <value value="data.standards@wales.nhs.uk" />
      <use value="work" />
    </telecom>
  </contact>
  <description value="A set of task type codes for the Welsh Result Reporting Service (WRRS)" />
  <copyright value="2024 NHS Wales." />
  <compose>
    <include>
      <system value="https://fhir.nhs.wales/CodeSystem/DataStandardsWales-WrrsTaskType" />
    </include>
  </compose>
</ValueSet>