<ValueSet xmlns="http://hl7.org/fhir">
  <id value="DataStandardsWales-QuestionnaireQuestionCodes" />
  <url value="https://fhir.nhs.wales/ValueSet/DataStandardsWales-QuestionnaireQuestionCodes" />
  <version value="0.1.0" />
  <name value="DataStandardsWalesQuestionnaireQuestionCodes" />
  <title value="Data Standards Wales Questionnaire Question Codes" />
  <status value="draft" />
  <date value="2025-01-01" />
  <publisher value="Data Standards Wales" />
  <contact>
    <name value="Data Standards Wales" />
    <telecom>
      <system value="email" />
      <value value="fhir.standards@wales.nhs.uk" />
      <use value="work" />
      <rank value="1" />
    </telecom>
  </contact>
  <description value="Resource structure is based on UKCore-QuestionnaireQuestionCodes v1.0.0 which is not yet included in a balloted release. Added manually to prevent structure deviation and to support NHS Wales projects. Once available, the resource will be updated and derived from UK Core. A set of codes that define questions or groups of questions, consisting of the entirety of the SNOMED CT UK Coding System. This set of codes may not necessarily be complete or appropriate and may require further discussion in the future." />
  <copyright value="2025 NHS Wales" />
  <compose>
    <include>
      <system value="http://snomed.info/sct" />
    </include>
  </compose>
</ValueSet>