<ValueSet xmlns="http://hl7.org/fhir">
  <id value="DataStandardsWales-HeadCircumferenceMeasurements" />
  <url value="https://fhir.nhs.wales/ValueSet/DataStandardsWales-HeadCircumferenceMeasurements" />
  <version value="1.0.0" />
  <name value="DataStandardsWalesHeadCircumferenceMeasurements" />
  <title value="Data Standards Wales ValueSet Head Circumference Measurements" />
  <status value="active" />
  <date value="2025-01-01" />
  <publisher value="NHS Wales" />
  <contact>
    <name value="NHS Wales" />
    <telecom>
      <system value="email" />
      <value value="fhir.standards@wales.nhs.uk" />
      <use value="work" />
      <rank value="1" />
    </telecom>
  </contact>
  <description value="Resource structure is based on UKCore-HeadCircumferenceMeasurements v1.0.0 which is not yet included in a balloted release. Added manually to prevent structure deviation and to support NHS Wales projects. Once available, the resource will be updated and derived from UK Core. A code from the SNOMED CT UK coding system for the measurement of head circumferences. Selected from the SNOMED CT UK coding system: \n - DescendantOrSelfOf 363811000 | Head circumference measure (observable entity) \n - MINUS  &amp;nbsp;\n - 1153594009 | Head circumference for age z-score (observable entity) &amp;nbsp;\n - 70751000052109 | Head circumference of biological father (observable entity) &amp;nbsp;\n - 70761000052107 | Head circumference of biological mother (observable entity)  &amp;nbsp;\n - DescendantOrSelfOf 170061009 | Child head circumference centile (observable entity)" />
  <copyright value="2025 NHS Wales" />
  <compose>
    <include>
      <system value="http://snomed.info/sct" />
      <filter>
        <property value="constraint" />
        <op value="=" />
        <value value="descendantOrSelfOf 363811000 MINUS (1153594009 OR 70751000052109 OR 70761000052107 OR descendantOrSelfOf 170061009)" />
      </filter>
    </include>
  </compose>
  <expansion>
    <identifier value="e0c507bd-7ebe-452f-8a9a-6a5aeaaa0636" />
    <timestamp value="2023-10-31T15:57:00+00:00" />
    <total value="5" />
    <offset value="0" />
    <contains>
      <system value="http://snomed.info/sct" />
      <code value="169876006" />
      <display value="Birth head circumference" />
    </contains>
    <contains>
      <system value="http://snomed.info/sct" />
      <code value="363812007" />
      <display value="Head circumference" />
    </contains>
    <contains>
      <system value="http://snomed.info/sct" />
      <code value="363811000" />
      <display value="Head circumference measure" />
    </contains>
    <contains>
      <system value="http://snomed.info/sct" />
      <code value="1269262007" />
      <display value="Head circumference of fetus" />
    </contains>
    <contains>
      <system value="http://snomed.info/sct" />
      <code value="248396005" />
      <display value="Head circumference with caput" />
    </contains>
  </expansion>
</ValueSet>