<ValueSet xmlns="http://hl7.org/fhir">
  <id value="DataStandardsWales-UEC-ArrivalMode" />
  <url value="https://fhir.nhs.wales/ValueSet/DataStandardsWales-UEC-ArrivalMode" />
  <version value="1.0.0" />
  <name value="DataStandardsWalesUECArrivalMode" />
  <title value="Data Standards Wales ValueSet UEC Arrival Mode" />
  <status value="active" />
  <date value="2025-09-16" />
  <publisher value="NHS Wales" />
  <contact>
    <name value="Data Standards" />
    <telecom>
      <system value="email" />
      <value value="data.standards@wales.nhs.uk" />
      <use value="work" />
      <rank value="1" />
    </telecom>
  </contact>
  <description value="This ValueSet captures the arrival mode for the patient's attendance in Emergency Care." />
  <copyright value="2025 NHS Wales" />
  <compose>
    <include>
      <system value="http://snomed.info/sct" />
      <filter>
        <property value="constraint" />
        <op value="=" />
        <value value="1048071000000103 OR 1048061000000105 OR 1048031000000100 OR 1048041000000109 OR 1048021000000102 OR 1048051000000107 OR 1048081000000101 OR 1047991000000102 OR 1048001000000106" />
      </filter>
    </include>
  </compose>
  <expansion>
    <identifier value="17af4348-525a-486d-bc23-baa24ea7ab1a" />
    <timestamp value="2023-10-31T22:11:00+00:00" />
    <total value="9" />
    <offset value="0" />
    <contains>
      <system value="http://snomed.info/sct" />
      <code value="1048071000000103" />
      <display value="Arrival by own transport" />
    </contains>
    <contains>
      <system value="http://snomed.info/sct" />
      <code value="1048061000000105" />
      <display value="Arrival by public transport" />
    </contains>
    <contains>
      <system value="http://snomed.info/sct" />
      <code value="1048031000000100" />
      <display value="Arrival by emergency road ambulance" />
    </contains>
    <contains>
      <system value="http://snomed.info/sct" />
      <code value="1048041000000109" />
      <display value="Arrival by emergency road ambulance with medical escort" />
    </contains>
    <contains>
      <system value="http://snomed.info/sct" />
      <code value="1048021000000102" />
      <display value="Arrival by non-emergency road ambulance" />
    </contains>
    <contains>
      <system value="http://snomed.info/sct" />
      <code value="1048051000000107" />
      <display value="Arrival by helicopter air ambulance" />
    </contains>
    <contains>
      <system value="http://snomed.info/sct" />
      <code value="1048081000000101" />
      <display value="Arrival by medical repatriation air ambulance" />
    </contains>
    <contains>
      <system value="http://snomed.info/sct" />
      <code value="1047991000000102" />
      <display value="Arrival by prison transport" />
    </contains>
    <contains>
      <system value="http://snomed.info/sct" />
      <code value="1048001000000106" />
      <display value="Arrival by police transport" />
    </contains>
  </expansion>
</ValueSet>