<ValueSet xmlns="http://hl7.org/fhir">
	<id value="DataStandardsWales-MainSpecialty"/>
	<extension url="http://hl7.org/fhir/StructureDefinition/valueset-sourceReference">
		<valueUri value="http://www.nwisinformationstandards.wales.nhs.uk/sitesplus/documents/299/20200622-DSCN%202020%2006-Core%20Reference%20Data-d2-2.pdf"/>
	</extension>
	<url value="https://fhir.nhs.wales/ValueSet/DataStandardsWales-MainSpecialty"/>
	<version value="1.0.0"/>
	<name value="DataStandardsWalesMainSpecialty"/>
	<title value="Data Standards Wales Main Specialty"/>
	<status value="active"/>
	<experimental value="false"/>
	<date value="2025-10-17"/>
	<publisher value="NHS Wales"/>
	<contact>
		<name value="Data Standards"/>
		<telecom>
			<system value="email"/>
			<value value="data.standards@wales.nhs.uk"/>
			<use value="work"/>
		</telecom>
	</contact>
	<description value="Main Specialty Codes"/>
	<copyright value="2025 NHS Wales."/>
	<compose>
		<include>
			<system value="https://fhir.nhs.wales/CodeSystem/DataStandardsWales-MainSpecialty"/>
		</include>
	</compose>
	<expansion>
		<timestamp value="2025-10-17T00:00:00+01:00"/>
		<total value="88"/>
		<offset value="0"/>
		<parameter>
			<name value="version"/>
			<valueUri value="https://fhir.nhs.wales/CodeSystem/DataStandardsWales-MainSpecialty"/>
		</parameter>
		<contains>
			<system value="https://fhir.nhs.wales/CodeSystem/DataStandardsWales-MainSpecialty"/>
			<code value="100"/>
			<display value="General Surgery"/>
		</contains>
		<contains>
			<system value="https://fhir.nhs.wales/CodeSystem/DataStandardsWales-MainSpecialty"/>
			<code value="101"/>
			<display value="Urology"/>
		</contains>
		<contains>
			<system value="https://fhir.nhs.wales/CodeSystem/DataStandardsWales-MainSpecialty"/>
			<code value="107"/>
			<display value="Vascular Surgery"/>
		</contains>
		<contains>
			<system value="https://fhir.nhs.wales/CodeSystem/DataStandardsWales-MainSpecialty"/>
			<code value="110"/>
			<display value="Trauma and Orthopaedics"/>
		</contains>
		<contains>
			<system value="https://fhir.nhs.wales/CodeSystem/DataStandardsWales-MainSpecialty"/>
			<code value="120"/>
			<display value="Ear Nose and Throat"/>
		</contains>
		<contains>
			<system value="https://fhir.nhs.wales/CodeSystem/DataStandardsWales-MainSpecialty"/>
			<code value="130"/>
			<display value="Ophthalmology"/>
		</contains>
		<contains>
			<system value="https://fhir.nhs.wales/CodeSystem/DataStandardsWales-MainSpecialty"/>
			<code value="140"/>
			<display value="Oral Surgery"/>
		</contains>
		<contains>
			<system value="https://fhir.nhs.wales/CodeSystem/DataStandardsWales-MainSpecialty"/>
			<code value="141"/>
			<display value="Restorative Dentistry"/>
		</contains>
		<contains>
			<system value="https://fhir.nhs.wales/CodeSystem/DataStandardsWales-MainSpecialty"/>
			<code value="142"/>
			<display value="Paediatric Dentistry"/>
		</contains>
		<contains>
			<system value="https://fhir.nhs.wales/CodeSystem/DataStandardsWales-MainSpecialty"/>
			<code value="143"/>
			<display value="Orthodontics"/>
		</contains>
		<contains>
			<system value="https://fhir.nhs.wales/CodeSystem/DataStandardsWales-MainSpecialty"/>
			<code value="145"/>
			<display value="Oral and Maxillofacial Surgery"/>
		</contains>
		<contains>
			<system value="https://fhir.nhs.wales/CodeSystem/DataStandardsWales-MainSpecialty"/>
			<code value="146"/>
			<display value="Endodontics"/>
		</contains>
		<contains>
			<system value="https://fhir.nhs.wales/CodeSystem/DataStandardsWales-MainSpecialty"/>
			<code value="147"/>
			<display value="Periodontics"/>
		</contains>
		<contains>
			<system value="https://fhir.nhs.wales/CodeSystem/DataStandardsWales-MainSpecialty"/>
			<code value="148"/>
			<display value="Prosthodontics"/>
		</contains>
		<contains>
			<system value="https://fhir.nhs.wales/CodeSystem/DataStandardsWales-MainSpecialty"/>
			<code value="149"/>
			<display value="Surgical Dentistry"/>
		</contains>
		<contains>
			<system value="https://fhir.nhs.wales/CodeSystem/DataStandardsWales-MainSpecialty"/>
			<code value="150"/>
			<display value="Neurosurgery"/>
		</contains>
		<contains>
			<system value="https://fhir.nhs.wales/CodeSystem/DataStandardsWales-MainSpecialty"/>
			<code value="160"/>
			<display value="Plastic Surgery"/>
		</contains>
		<contains>
			<system value="https://fhir.nhs.wales/CodeSystem/DataStandardsWales-MainSpecialty"/>
			<code value="170"/>
			<display value="Cardiothoracic Surgery"/>
		</contains>
		<contains>
			<system value="https://fhir.nhs.wales/CodeSystem/DataStandardsWales-MainSpecialty"/>
			<code value="171"/>
			<display value="Paediatric Surgery"/>
		</contains>
		<contains>
			<system value="https://fhir.nhs.wales/CodeSystem/DataStandardsWales-MainSpecialty"/>
			<code value="180"/>
			<display value="Emergency Medicine"/>
		</contains>
		<contains>
			<system value="https://fhir.nhs.wales/CodeSystem/DataStandardsWales-MainSpecialty"/>
			<code value="190"/>
			<display value="Anaesthetics"/>
		</contains>
		<contains>
			<system value="https://fhir.nhs.wales/CodeSystem/DataStandardsWales-MainSpecialty"/>
			<code value="192"/>
			<display value="Intensive Care Medicine"/>
		</contains>
		<contains>
			<system value="https://fhir.nhs.wales/CodeSystem/DataStandardsWales-MainSpecialty"/>
			<code value="200"/>
			<display value="Aviation and Space Medicine"/>
		</contains>
		<contains>
			<system value="https://fhir.nhs.wales/CodeSystem/DataStandardsWales-MainSpecialty"/>
			<code value="300"/>
			<display value="General Internal Medicine"/>
		</contains>
		<contains>
			<system value="https://fhir.nhs.wales/CodeSystem/DataStandardsWales-MainSpecialty"/>
			<code value="301"/>
			<display value="Gastroenterology"/>
		</contains>
		<contains>
			<system value="https://fhir.nhs.wales/CodeSystem/DataStandardsWales-MainSpecialty"/>
			<code value="302"/>
			<display value="Endocrinology and Diabetes"/>
		</contains>
		<contains>
			<system value="https://fhir.nhs.wales/CodeSystem/DataStandardsWales-MainSpecialty"/>
			<code value="303"/>
			<display value="Clinical Haematology"/>
		</contains>
		<contains>
			<system value="https://fhir.nhs.wales/CodeSystem/DataStandardsWales-MainSpecialty"/>
			<code value="304"/>
			<display value="Clinical Physiology"/>
		</contains>
		<contains>
			<system value="https://fhir.nhs.wales/CodeSystem/DataStandardsWales-MainSpecialty"/>
			<code value="305"/>
			<display value="Clinical Pharmacology"/>
		</contains>
		<contains>
			<system value="https://fhir.nhs.wales/CodeSystem/DataStandardsWales-MainSpecialty"/>
			<code value="310"/>
			<display value="Audio Vestibular Medicine"/>
		</contains>
		<contains>
			<system value="https://fhir.nhs.wales/CodeSystem/DataStandardsWales-MainSpecialty"/>
			<code value="311"/>
			<display value="Clinical Genetics"/>
		</contains>
		<contains>
			<system value="https://fhir.nhs.wales/CodeSystem/DataStandardsWales-MainSpecialty"/>
			<code value="313"/>
			<display value="Clinical Immunology"/>
		</contains>
		<contains>
			<system value="https://fhir.nhs.wales/CodeSystem/DataStandardsWales-MainSpecialty"/>
			<code value="314"/>
			<display value="Rehabilitation Medicine"/>
		</contains>
		<contains>
			<system value="https://fhir.nhs.wales/CodeSystem/DataStandardsWales-MainSpecialty"/>
			<code value="315"/>
			<display value="Palliative Medicine"/>
		</contains>
		<contains>
			<system value="https://fhir.nhs.wales/CodeSystem/DataStandardsWales-MainSpecialty"/>
			<code value="317"/>
			<display value="Allergy"/>
		</contains>
		<contains>
			<system value="https://fhir.nhs.wales/CodeSystem/DataStandardsWales-MainSpecialty"/>
			<code value="320"/>
			<display value="Cardiology"/>
		</contains>
		<contains>
			<system value="https://fhir.nhs.wales/CodeSystem/DataStandardsWales-MainSpecialty"/>
			<code value="321"/>
			<display value="Paediatric Cardiology"/>
		</contains>
		<contains>
			<system value="https://fhir.nhs.wales/CodeSystem/DataStandardsWales-MainSpecialty"/>
			<code value="325"/>
			<display value="Sport and Exercise Medicine"/>
		</contains>
		<contains>
			<system value="https://fhir.nhs.wales/CodeSystem/DataStandardsWales-MainSpecialty"/>
			<code value="326"/>
			<display value="Acute Internal Medicine"/>
		</contains>
		<contains>
			<system value="https://fhir.nhs.wales/CodeSystem/DataStandardsWales-MainSpecialty"/>
			<code value="330"/>
			<display value="Dermatology"/>
		</contains>
		<contains>
			<system value="https://fhir.nhs.wales/CodeSystem/DataStandardsWales-MainSpecialty"/>
			<code value="340"/>
			<display value="Respiratory Medicine"/>
		</contains>
		<contains>
			<system value="https://fhir.nhs.wales/CodeSystem/DataStandardsWales-MainSpecialty"/>
			<code value="350"/>
			<display value="Infectious Diseases"/>
		</contains>
		<contains>
			<system value="https://fhir.nhs.wales/CodeSystem/DataStandardsWales-MainSpecialty"/>
			<code value="352"/>
			<display value="Tropical Medicine"/>
		</contains>
		<contains>
			<system value="https://fhir.nhs.wales/CodeSystem/DataStandardsWales-MainSpecialty"/>
			<code value="360"/>
			<display value="Genitourinary Medicine"/>
		</contains>
		<contains>
			<system value="https://fhir.nhs.wales/CodeSystem/DataStandardsWales-MainSpecialty"/>
			<code value="361"/>
			<display value="Renal Medicine"/>
		</contains>
		<contains>
			<system value="https://fhir.nhs.wales/CodeSystem/DataStandardsWales-MainSpecialty"/>
			<code value="370"/>
			<display value="Medical Oncology"/>
		</contains>
		<contains>
			<system value="https://fhir.nhs.wales/CodeSystem/DataStandardsWales-MainSpecialty"/>
			<code value="371"/>
			<display value="Nuclear Medicine"/>
		</contains>
		<contains>
			<system value="https://fhir.nhs.wales/CodeSystem/DataStandardsWales-MainSpecialty"/>
			<code value="400"/>
			<display value="Neurology"/>
		</contains>
		<contains>
			<system value="https://fhir.nhs.wales/CodeSystem/DataStandardsWales-MainSpecialty"/>
			<code value="401"/>
			<display value="Clinical Neurophysiology"/>
		</contains>
		<contains>
			<system value="https://fhir.nhs.wales/CodeSystem/DataStandardsWales-MainSpecialty"/>
			<code value="410"/>
			<display value="Rheumatology"/>
		</contains>
		<contains>
			<system value="https://fhir.nhs.wales/CodeSystem/DataStandardsWales-MainSpecialty"/>
			<code value="420"/>
			<display value="Paediatrics"/>
		</contains>
		<contains>
			<system value="https://fhir.nhs.wales/CodeSystem/DataStandardsWales-MainSpecialty"/>
			<code value="421"/>
			<display value="Paediatric Neurology"/>
		</contains>
		<contains>
			<system value="https://fhir.nhs.wales/CodeSystem/DataStandardsWales-MainSpecialty"/>
			<code value="430"/>
			<display value="Geriatric Medicine"/>
		</contains>
		<contains>
			<system value="https://fhir.nhs.wales/CodeSystem/DataStandardsWales-MainSpecialty"/>
			<code value="450"/>
			<display value="Dental Medicine"/>
		</contains>
		<contains>
			<system value="https://fhir.nhs.wales/CodeSystem/DataStandardsWales-MainSpecialty"/>
			<code value="451"/>
			<display value="Special Care Dentistry"/>
		</contains>
		<contains>
			<system value="https://fhir.nhs.wales/CodeSystem/DataStandardsWales-MainSpecialty"/>
			<code value="460"/>
			<display value="Medical Ophthalmology"/>
		</contains>
		<contains>
			<system value="https://fhir.nhs.wales/CodeSystem/DataStandardsWales-MainSpecialty"/>
			<code value="500"/>
			<display value="Obstetrics and Gynaecology"/>
		</contains>
		<contains>
			<system value="https://fhir.nhs.wales/CodeSystem/DataStandardsWales-MainSpecialty"/>
			<code value="501"/>
			<display value="Obstetrics"/>
		</contains>
		<contains>
			<system value="https://fhir.nhs.wales/CodeSystem/DataStandardsWales-MainSpecialty"/>
			<code value="502"/>
			<display value="Gynaecology"/>
		</contains>
		<contains>
			<system value="https://fhir.nhs.wales/CodeSystem/DataStandardsWales-MainSpecialty"/>
			<code value="504"/>
			<display value="Community Sexual and Reproductive Health"/>
		</contains>
		<contains>
			<system value="https://fhir.nhs.wales/CodeSystem/DataStandardsWales-MainSpecialty"/>
			<code value="560"/>
			<display value="Midwifery"/>
		</contains>
		<contains>
			<system value="https://fhir.nhs.wales/CodeSystem/DataStandardsWales-MainSpecialty"/>
			<code value="600"/>
			<display value="General Medical Practice"/>
		</contains>
		<contains>
			<system value="https://fhir.nhs.wales/CodeSystem/DataStandardsWales-MainSpecialty"/>
			<code value="601"/>
			<display value="General Dental Practice"/>
		</contains>
		<contains>
			<system value="https://fhir.nhs.wales/CodeSystem/DataStandardsWales-MainSpecialty"/>
			<code value="700"/>
			<display value="Learning Disability"/>
		</contains>
		<contains>
			<system value="https://fhir.nhs.wales/CodeSystem/DataStandardsWales-MainSpecialty"/>
			<code value="710"/>
			<display value="Adult Mental Illness"/>
		</contains>
		<contains>
			<system value="https://fhir.nhs.wales/CodeSystem/DataStandardsWales-MainSpecialty"/>
			<code value="711"/>
			<display value="Child and Adolescent Psychiatry"/>
		</contains>
		<contains>
			<system value="https://fhir.nhs.wales/CodeSystem/DataStandardsWales-MainSpecialty"/>
			<code value="712"/>
			<display value="Forensic Psychiatry"/>
		</contains>
		<contains>
			<system value="https://fhir.nhs.wales/CodeSystem/DataStandardsWales-MainSpecialty"/>
			<code value="713"/>
			<display value="Medical Psychotherapy"/>
		</contains>
		<contains>
			<system value="https://fhir.nhs.wales/CodeSystem/DataStandardsWales-MainSpecialty"/>
			<code value="715"/>
			<display value="Old Age Psychiatry"/>
		</contains>
		<contains>
			<system value="https://fhir.nhs.wales/CodeSystem/DataStandardsWales-MainSpecialty"/>
			<code value="800"/>
			<display value="Clinical Oncology"/>
		</contains>
		<contains>
			<system value="https://fhir.nhs.wales/CodeSystem/DataStandardsWales-MainSpecialty"/>
			<code value="810"/>
			<display value="Radiology"/>
		</contains>
		<contains>
			<system value="https://fhir.nhs.wales/CodeSystem/DataStandardsWales-MainSpecialty"/>
			<code value="820"/>
			<display value="General Pathology"/>
		</contains>
		<contains>
			<system value="https://fhir.nhs.wales/CodeSystem/DataStandardsWales-MainSpecialty"/>
			<code value="821"/>
			<display value="Blood Transfusion"/>
		</contains>
		<contains>
			<system value="https://fhir.nhs.wales/CodeSystem/DataStandardsWales-MainSpecialty"/>
			<code value="822"/>
			<display value="Chemical Pathology"/>
		</contains>
		<contains>
			<system value="https://fhir.nhs.wales/CodeSystem/DataStandardsWales-MainSpecialty"/>
			<code value="823"/>
			<display value="Haematology"/>
		</contains>
		<contains>
			<system value="https://fhir.nhs.wales/CodeSystem/DataStandardsWales-MainSpecialty"/>
			<code value="824"/>
			<display value="Histopathology"/>
		</contains>
		<contains>
			<system value="https://fhir.nhs.wales/CodeSystem/DataStandardsWales-MainSpecialty"/>
			<code value="830"/>
			<display value="Immunopathology"/>
		</contains>
		<contains>
			<system value="https://fhir.nhs.wales/CodeSystem/DataStandardsWales-MainSpecialty"/>
			<code value="831"/>
			<display value="Medical Microbiology and Virology"/>
		</contains>
		<contains>
			<system value="https://fhir.nhs.wales/CodeSystem/DataStandardsWales-MainSpecialty"/>
			<code value="833"/>
			<display value="Medical Microbiology"/>
		</contains>
		<contains>
			<system value="https://fhir.nhs.wales/CodeSystem/DataStandardsWales-MainSpecialty"/>
			<code value="834"/>
			<display value="Medical Virology"/>
		</contains>
		<contains>
			<system value="https://fhir.nhs.wales/CodeSystem/DataStandardsWales-MainSpecialty"/>
			<code value="900"/>
			<display value="Community Medicine"/>
		</contains>
		<contains>
			<system value="https://fhir.nhs.wales/CodeSystem/DataStandardsWales-MainSpecialty"/>
			<code value="901"/>
			<display value="Occupational Medicine"/>
		</contains>
		<contains>
			<system value="https://fhir.nhs.wales/CodeSystem/DataStandardsWales-MainSpecialty"/>
			<code value="902"/>
			<display value="Community Health Services Dental"/>
		</contains>
		<contains>
			<system value="https://fhir.nhs.wales/CodeSystem/DataStandardsWales-MainSpecialty"/>
			<code value="903"/>
			<display value="Public Health Medicine"/>
		</contains>
		<contains>
			<system value="https://fhir.nhs.wales/CodeSystem/DataStandardsWales-MainSpecialty"/>
			<code value="904"/>
			<display value="Public Health Dental"/>
		</contains>
		<contains>
			<system value="https://fhir.nhs.wales/CodeSystem/DataStandardsWales-MainSpecialty"/>
			<code value="950"/>
			<display value="Nursing"/>
		</contains>
		<contains>
			<system value="https://fhir.nhs.wales/CodeSystem/DataStandardsWales-MainSpecialty"/>
			<code value="960"/>
			<display value="Allied Health Professional"/>
		</contains>
	</expansion>
</ValueSet>