<ValueSet xmlns="http://hl7.org/fhir">
    <id value="DataStandardsWales-BloodPressure-Systolic" />
    <url value="https://fhir.nhs.wales/ValueSet/DataStandardsWales-BloodPressure-Systolic" />
    <version value="1.0.0" />
    <name value="DataStandardsWalesBloodPressureSystolic" />
    <title value="Data Standards Wales Blood ValueSet Pressure Systolic" />
    <status value="active" />
    <date value="2025-01-01" />
    <publisher value="NHS Wales" />
    <contact>
        <name value="NHS Wales" />
        <telecom>
            <system value="email" />
            <value value="fhir.standards@wales.nhs.uk" />
            <use value="work" />
            <rank value="1" />
        </telecom>
    </contact>
    <description value="Resource structure is based on UKCore-BloodPressure-Systolic v1.0.0 which is not yet included in a balloted release. Added manually to prevent structure deviation and to support NHS Wales projects. Once available, the resource will be updated and derived from UK Core. A code from the SNOMED CT UK coding system for the recording of a single systolic blood pressure reading. Selected from the SNOMED CT UK coding system: \n - 163030003 | On examination - Systolic blood pressure reading (finding) \n - 271649006 | Systolic blood pressure (observable entity) \n - 407556006 | Lying systolic blood pressure (observable entity) \n - 1162737008 | Self reported systolic blood pressure (observable entity) \n - 407554009 | Sitting systolic blood pressure (observable entity) \n - 400974009 | Standing systolic blood pressure (observable entity) \n - 72313002 | Systolic arterial pressure (observable entity)" />
    <copyright value="2025 NHS Wales" />
    <compose>
        <include>
            <system value="http://snomed.info/sct" />
            <filter>
                <property value="constraint" />
                <op value="=" />
                <value value="163030003 OR 271649006 OR 407556006 OR 1162737008 OR 407554009 OR 400974009 OR 72313002" />
            </filter>
        </include>
    </compose>
    <expansion>
        <identifier value="3fdae7f8-8c2f-4f30-bd51-4e21b000a5f7" />
        <timestamp value="2023-10-31T22:01:00+00:00" />
        <total value="7" />
        <offset value="0" />
        <contains>
            <system value="http://snomed.info/sct" />
            <code value="407556006" />
            <display value="Lying systolic blood pressure" />
        </contains>
        <contains>
            <system value="http://snomed.info/sct" />
            <code value="163030003" />
            <display value="O/E - Systolic BP reading" />
        </contains>
        <contains>
            <system value="http://snomed.info/sct" />
            <code value="1162737008" />
            <display value="Self reported systolic blood pressure" />
        </contains>
        <contains>
            <system value="http://snomed.info/sct" />
            <code value="407554009" />
            <display value="Sitting systolic blood pressure" />
        </contains>
        <contains>
            <system value="http://snomed.info/sct" />
            <code value="400974009" />
            <display value="Standing systolic blood pressure" />
        </contains>
        <contains>
            <system value="http://snomed.info/sct" />
            <code value="72313002" />
            <display value="Systolic arterial pressure" />
        </contains>
        <contains>
            <system value="http://snomed.info/sct" />
            <code value="271649006" />
            <display value="Systolic blood pressure" />
        </contains>
    </expansion>
</ValueSet>