<ValueSet xmlns="http://hl7.org/fhir">
	<id value="FHIRStandardsWales-DocumentErrorAction"/>
	<url value="https://fhir.nhs.wales/ValueSet/FHIRStandardsWales-DocumentErrorAction"/>
    <version value="1.0.0" />
    <name value="FHIRStandardsWalesDocumentErrorAction"/>
	<title value="FHIR Standards Wales Document Error Status"/>
    <status value="active" />
	<date value="2025-09-19" />
    <publisher value="NHS Wales" />
    <contact>
		<name value="FHIR Standards" />
		<telecom>
			<system value="email" />
			<value value="fhir.standards@wales.nhs.uk" />
			<use value="work" />
			<rank value="1" />
		</telecom>
    </contact>
	<description value="A set of codes used to record an action in the document error workflow in NHS Wales - relating to document misfile or revocation."/>
	<copyright value="2025 NHS Wales." />
	<compose>
		<include>
			<system value="https://fhir.nhs.wales/CodeSystem/FHIRStandardsWales-DocumentErrorAction"/>
		</include>
	</compose>
</ValueSet>
