<ValueSet xmlns="http://hl7.org/fhir">
  <id value="DataStandardsWales-Sex" />
  <extension url="http://hl7.org/fhir/StructureDefinition/valueset-sourceReference">
    <valueUri value="http://www.nwisinformationstandards.wales.nhs.uk/sitesplus/documents/299/20200622-DSCN%202020%2006-Core%20Reference%20Data-d2-2.pdf" />
  </extension>
  <url value="https://fhir.nhs.wales/ValueSet/DataStandardsWales-Sex" />
  <version value="1.0.1" />
  <name value="DataStandardsWalesSex" />
  <title value="Data Standards Wales Sex" />
  <status value="active" />
  <experimental value="false" />
  <date value="2023-11-10" />
  <publisher value="NHS Wales" />
  <contact>
    <name value="Data Standards" />
    <telecom>
      <system value="email" />
      <value value="data.standards@wales.nhs.uk" />
      <use value="work" />
    </telecom>
  </contact>
  <description value="Sex" />
  <copyright value="2023 NHS Wales." />
  <compose>
    <include>
      <system value="https://fhir.nhs.wales/CodeSystem/DataStandardsWales-Sex" />
    </include>
  </compose>
  <expansion>
    <timestamp value="2023-05-10T15:50:00+01:00" />
    <total value="4" />
    <offset value="0" />
    <parameter>
      <name value="version" />
      <valueUri value="https://fhir.nhs.wales/CodeSystem/DataStandardsWales-Sex|1.0.0" />
    </parameter>
    <contains>
      <system value="https://fhir.nhs.wales/CodeSystem/DataStandardsWales-Sex" />
      <code value="F" />
      <display value="Female" />
    </contains>
    <contains>
      <system value="https://fhir.nhs.wales/CodeSystem/DataStandardsWales-Sex" />
      <code value="U" />
      <display value="Indeterminate" />
    </contains>
    <contains>
      <system value="https://fhir.nhs.wales/CodeSystem/DataStandardsWales-Sex" />
      <code value="M" />
      <display value="Male" />
    </contains>
    <contains>
      <system value="https://fhir.nhs.wales/CodeSystem/DataStandardsWales-Sex" />
      <code value="Z" />
      <display value="Not disclosed or unknown, e.g. for unborn baby" />
    </contains>
  </expansion>
</ValueSet>