<ValueSet xmlns="http://hl7.org/fhir">
	<id value="DataStandardsWales-MaritalStatus"/>
	<extension url="http://hl7.org/fhir/StructureDefinition/valueset-sourceReference">
		<valueUri value="http://www.nwisinformationstandards.wales.nhs.uk/sitesplus/documents/299/20200622-DSCN%202020%2006-Core%20Reference%20Data-d2-2.pdf"/>
	</extension>
	<url value="https://fhir.nhs.wales/ValueSet/DataStandardsWales-MaritalStatus"/>
	  <version value="1.0.0" />
	<name value="DataStandardsWalesMaritalStatus"/>											   
	<title value="Data Standards Wales Marital Status"/>
  <status value="active" />
 <experimental value="false" />
  <date value="2023-08-02" />
  <publisher value="NHS Wales" />
	<contact>
		<name value="Data Standards"/>
		<telecom>
			<system value="email"/>
			<value value="data.standards@wales.nhs.uk"/>
			<use value="work"/>
		</telecom>
	</contact>
	<description value="Marital Status"/>
	 <copyright value="2024 NHS Wales." />								   
	<compose>
		<include>
			<system value="https://fhir.nhs.wales/CodeSystem/DataStandardsWales-MaritalStatus"/>
		</include>
	</compose>
	<expansion>
		<timestamp value="2023-05-10T16:11:00+01:00" />
		<total value="11" />
		<offset value="0" />
		<parameter>
			<name value="version" />
			<valueUri value="https://fhir.nhs.wales/CodeSystem/DataStandardsWales-MaritalStatus|1.0.0" />
		</parameter>
		<contains>
			<system value="https://fhir.nhs.wales/CodeSystem/DataStandardsWales-MaritalStatus" />
			<code value="11"/>
			<display value="Single"/>
		</contains>
		<contains>
			<system value="https://fhir.nhs.wales/CodeSystem/DataStandardsWales-MaritalStatus" />
			<code value="12"/>
			<display value="Cohabiting"/>
		</contains>
		<contains>
			<system value="https://fhir.nhs.wales/CodeSystem/DataStandardsWales-MaritalStatus" />
			<code value="21"/>
			<display value="Married"/>
		</contains>
		<contains>
			<system value="https://fhir.nhs.wales/CodeSystem/DataStandardsWales-MaritalStatus" />
			<code value="22"/>
			<display value="Civil Partner"/>
		</contains>
		<contains>
			<system value="https://fhir.nhs.wales/CodeSystem/DataStandardsWales-MaritalStatus" />
			<code value="31"/>
			<display value="Divorced"/>
		</contains>
		<contains>
			<system value="https://fhir.nhs.wales/CodeSystem/DataStandardsWales-MaritalStatus" />
			<code value="32"/>
			<display value="Person whose Civil Partnership has been dissolved"/>
		</contains>
		<contains>
			<system value="https://fhir.nhs.wales/CodeSystem/DataStandardsWales-MaritalStatus" />
			<code value="41"/>
			<display value="Widowed"/>
		</contains>
		<contains>
			<system value="https://fhir.nhs.wales/CodeSystem/DataStandardsWales-MaritalStatus" />
			<code value="42"/>
			<display value="Surviving Civil Partner"/>
		</contains>
		<contains>
			<system value="https://fhir.nhs.wales/CodeSystem/DataStandardsWales-MaritalStatus" />
			<code value="51"/>
			<display value="Separated"/>
		</contains>
		<contains>
			<system value="https://fhir.nhs.wales/CodeSystem/DataStandardsWales-MaritalStatus" />
			<code value="91"/>
			<display value="Not disclosed or unknown"/>
		</contains>
	</expansion>
</ValueSet>