<MedicationStatement xmlns="http://hl7.org/fhir">
  <id value="Example-MedicationStatement-Ramipril-Inpatient" />
  <meta>
    <profile value="https://fhir.nhs.wales/StructureDefinition/DataStandardsWales-MedicationStatement" />
  </meta>
  <text>
    <status value="generated" />
    <div xmlns="http://www.w3.org/1999/xhtml">Ramipril 2.5mg tablet - 1 tablet in the morning</div>
  </text>
  <status value="active" />
  <category>
    <coding>
      <system value="http://terminology.hl7.org/CodeSystem/medication-statement-category" />
      <code value="inpatient" />
      <display value="Inpatient" />
    </coding>
  </category>
  <medicationCodeableConcept>
    <coding>
      <system value="https://dmd.nhs.uk" />
      <code value="108564000" />
      <display value="Ramipril" />
    </coding>
    <text value="Ramipril" />
  </medicationCodeableConcept>
  <subject>
    <reference value="Patient/Example-DataStandardsWales-Patient-PeterPiper" />
    <display value="PIPER, Peter (NHS: 1192335566)" />
  </subject>
  <context>
    <reference value="Encounter/Encounter-Inpatient" />
    <display value="..." />
  </context>
  <dateAsserted value="2022-07-12T11:00:00Z" />
  <informationSource>
    <reference value="Practitioner/Hospital-Doctor" />
    <display value="..." />
  </informationSource>
  <dosage>
    <timing>
      <repeat>
        <period value="1" />
        <periodUnit value="d" />
        <when value="MORN" />
      </repeat>
    </timing>
    <route>
      <coding>
        <system value="http://snomed.info/sct" />
        <code value="26643006" />
        <display value="Oral" />
      </coding>
    </route>
    <doseAndRate>
      <doseQuantity>
        <value value="2.5" />
        <unit value="milligram" />
        <system value="http://unitsofmeasure.org" />
        <code value="mg" />
      </doseQuantity>
    </doseAndRate>
  </dosage>
</MedicationStatement>