<List xmlns="http://hl7.org/fhir">
  <!-- Scenario: Peter Piper's medicines list just after Ibuprofen is stopped during his impatient stay -->
  <id value="Example-DataStandardsWales-List-Medications-Inpatient" />
  <status value="current" />
  <mode value="snapshot" />
  <code>
    <coding>
      <system value="http://snomed.info/sct" />
      <code value="933361000000108" />
      <display value="Medications and medical devices" />
    </coding>
  </code>
  <subject>
    <reference value="Patient/Example-DataStandardsWales-Patient-PeterPiper" />
    <display value="PIPER, Peter (NHS: 1192335566)" />
  </subject>
  <encounter>
    <reference value="Encounter/Example-Inpatient" />
    <display value="..." />
  </encounter>
  <date value="2022-07-12T11:00:00Z" />
  <source>
    <!-- Practitioner asserting the list as 'inpatient meds' -->
    <reference value="Practitioner/Example-Inpatient" />
    <display value="..." />
  </source>
  <entry>
    <item>
      <reference value="MedicationStatement/Example-DataStandardsWales-MedicationStatement-Bendroflumethiazide-Inpatient" />
      <display value="Bendroflumethiazide 2.5mg tablets - 1 tablet every morning" />
    </item>
  </entry>
  <entry>
    <item>
      <reference value="MedicationStatement/Example-DataStandardsWales-MedicationStatement-Bisoprolol-Inpatient" />
      <display value="Bisoprolol 1.25mg tablets - 1 tablet every morning" />
    </item>
  </entry>
  <entry>
    <item>
      <reference value="MedicationStatement/Example-DataStandardsWales-MedicationStatement-Nifedipress-Inpatient" />
      <display value="Nifedipress MR 20mg tablet 1 tablet twice a day" />
    </item>
  </entry>
  <entry>
    <item>
      <reference value="MedicationStatement/Example-DataStandardsWales-MedicationStatement-Ramipril-Inpatient" />
      <display value="Ramipril 2.5mg tablet - 1 tablet in the morning" />
    </item>
  </entry>
  <entry>
    <item>
      <reference value="MedicationStatement/Example-DataStandardsWales-MedicationStatement-Atorvastatin-Inpatient" />
      <display value="Atorvastatin 20mg tablet - 1 tablet at night" />
    </item>
  </entry>
  <entry>
    <item>
      <reference value="MedicationStatement/Example-DataStandardsWales-MedicationStatement-DurogesicDTrans-Inpatient" />
      <display value="Durogesic DTrans 25 micrograms/hour transdermal patches - Apply one patch every 72 hours" />
    </item>
  </entry>
  <entry>
    <item>
      <reference value="MedicationStatement/Example-DataStandardsWales-MedicationStatement-Hydrocortisone-Inpatient" />
      <display value="Hydrocortisone 1% Cream - Apply to the affected area twice a day" />
    </item>
  </entry>
  <entry>
    <item>
      <reference value="MedicationStatement/Example-DataStandardsWales-MedicationStatement-Latanoprost-Inpatient" />
      <display value="Latanoprost 50micrograms/ml eye drops 0.2ml unit dose preservative free - Instil one drop into the left eye at night" />
    </item>
  </entry>
  <entry>
    <item>
      <reference value="MedicationStatement/Example-DataStandardsWales-MedicationStatement-Enbrel-Inpatient" />
      <display value="Enbrel 50mg/1ml solution for injection pre-filled syringes (Pfizer Ltd) - Inject 50mg subcutaneously once a week" />
    </item>
  </entry>
  <entry>
    <item>
      <reference value="MedicationStatement/Example-DataStandardsWales-MedicationStatement-Ibuprofen-Inpatient" />
      <display value="Ibuprofen 400mg oral, three times a day - STOPPED due to GI bleed" />
    </item>
  </entry>
  <entry>
    <item>
      <reference value="MedicationStatement/Example-DataStandardsWales-MedicationStatement-Paracetamol-Inpatient" />
      <display value="Paracetamol 500mg tablets 2 tablets four times a day" />
    </item>
  </entry>
</List>