<MedicationStatement xmlns="http://hl7.org/fhir">
    <id value="Example-DSW-MedicationStatement-DurogesicDTrans-Discharge" />
    <meta>
        <profile value="https://fhir.nhs.wales/StructureDefinition/DataStandardsWales-MedicationStatement" />
    </meta>
    <text>
        <status value="generated" />
        <div xmlns="http://www.w3.org/1999/xhtml">Durogesic DTrans 25 micrograms/hour transdermal patches - Apply one patch every 72 hours</div>
    </text>
    <status value="active" />
    <category>
        <coding>
            <system value="http://terminology.hl7.org/CodeSystem/medication-statement-category" />
            <code value="discharge" />
            <display value="Discharge" />
        </coding>
    </category>
    <medicationCodeableConcept>
        <coding>
            <system value="https://dmd.nhs.uk"/>
            <code value="37354111000001103"> </code>
            <display value="Durogesic DTrans 25 micrograms/hour transdermal patches" />
        </coding>      
        <text value="Durogesic DTrans 25micrograms/hour transdermal patches" />
    </medicationCodeableConcept>
    <subject>
        <reference value="Patient/Example-DataStandardsWales-Patient-PeterPiper" />
        <display value="PIPER, Peter (NHS: 1192335566)" />
    </subject>
    <context>
        <reference value="Encounter/Encounter-Inpatient" />
        <display value="..." />
    </context>
    <dateAsserted value="2022-07-14T09:00:00Z" />
    <informationSource>
        <reference value="Practitioner/Practitioner-Discharging" />
        <display value="..." />
    </informationSource>
    <dosage>
        <timing>
            <repeat>
                <period value="72" />
                <periodUnit value="h" />
            </repeat>
        </timing>
        <route>
            <coding>
                <system value="http://snomed.info/sct" />
                <code value="45890007" />
                <display value="Transdermal" />
            </coding>
        </route>
        <doseAndRate>
            <doseQuantity>
                <value value="1" />
                <unit value="patch" />
                <system value="http://snomed.info/sct" />
                <code value="19702001" />
            </doseQuantity>
        </doseAndRate>
    </dosage>
</MedicationStatement>
