<MedicationStatement xmlns="http://hl7.org/fhir">
  <id value="Example-DSW-MedicationStatement-Ibuprofen-Discharge" />
  <meta>
    <profile value="https://fhir.nhs.wales/StructureDefinition/DataStandardsWales-MedicationStatement" />
  </meta>
  <text>
    <status value="generated" />
    <div xmlns="http://www.w3.org/1999/xhtml">Ibuprofen 400mg oral, three times a day - STOPPED due to GI bleed</div>
  </text>
  <status value="stopped" />
  <!-- Note "stopped" is correct on desk-check but fails schema-validation - i.e. not accepted by fhir 4.0.1 schema suite -->
  <statusReason>
    <coding>
      <system value="http://snomed.info/sct" />
      <code value="74474003" />
      <display value="Gastrointestinal hemorrhage" />
    </coding>
  </statusReason>
  <category>
    <coding>
      <system value="http://terminology.hl7.org/CodeSystem/medication-statement-category" />
      <code value="discharge" />
      <display value="Discharge" />
    </coding>
  </category>
  <medicationCodeableConcept>
    <coding>
      <system value="https://dmd.nhs.uk" />
      <code value="329652003" />
      <display value="Ibuprofen 200 mg tablets" />
    </coding>
    <text value="Ibuprofen 200 mg tablets" />
  </medicationCodeableConcept>
  <subject>
    <reference value="Patient/Example-DataStandardsWales-Patient-PeterPiper" />
    <display value="PIPER, Peter (NHS: 1192335566)" />
  </subject>
  <context>
    <reference value="Encounter/Encounter-Inpatient" />
    <display value="..." />
  </context>
  <dateAsserted value="2022-07-12T11:00:00Z" />
  <informationSource>
    <reference value="Practitioner/Hospital-Doctor" />
    <display value="..." />
  </informationSource>
  <dosage>
    <timing>
      <repeat>
        <frequency value="2" />
        <frequencyMax value="3" />
        <period value="1" />
        <periodUnit value="d" />
      </repeat>
    </timing>
    <asNeededBoolean value="true" />
    <route>
      <coding>
        <system value="http://snomed.info/sct" />
        <code value="26643006" />
        <display value="Oral" />
      </coding>
    </route>
    <doseAndRate>
      <doseQuantity>
        <value value="2" />
        <unit value="tablet" />
        <system value="http://snomed.info/sct" />
        <code value=" 428673006" />
      </doseQuantity>
    </doseAndRate>
  </dosage>
</MedicationStatement>