<MedicationStatement xmlns="http://hl7.org/fhir">
    <id value="Example-DSW-MedicationStatement-Hydrocortisone-Discharge"/>
    <meta>
        <profile value="https://fhir.nhs.wales/StructureDefinition/DataStandardsWales-MedicationStatement" />
    </meta>
    <text>
        <status value="generated"/>
        <div xmlns="http://www.w3.org/1999/xhtml">Hydrocortisone 1% Cream - Apply to the affected area twice a day</div>
    </text>
    <status value="active"/>
    <category>
        <coding>
            <system value="http://terminology.hl7.org/CodeSystem/medication-statement-category" />
            <code value="discharge" />
            <display value="Discharge" />
        </coding>
    </category>
    <medicationCodeableConcept>
        <coding>
            <system value="https://dmd.nhs.uk"/>
            <code value="346992009" />
            <display value="Hydrocortisone 1% cream"/>
        </coding>
        <text value="Hydrocortisone 1% cream"/>
    </medicationCodeableConcept>
    <subject>
        <reference value="Patient/Example-DataStandardsWales-Patient-PeterPiper"/>
        <display value="PIPER, Peter (NHS: 1192335566)"/>
    </subject>
    <context>
        <reference value="Encounter/Encounter-Inpatient" />
        <display value="..." />
    </context>
    <dateAsserted value="2022-07-14T09:00:00Z" />
    <informationSource>
        <reference value="Practitioner/Practitioner-Discharging" />
        <display value="..." />
    </informationSource>
    <dosage>
        <additionalInstruction>
            <text value="Apply to the affected area"/>
        </additionalInstruction>
        <timing>
            <repeat>
                <frequency value="2"/>
                <period value="1"/>
                <periodUnit value="d"/>
            </repeat>
        </timing>
    </dosage>
</MedicationStatement>
