<?xml version="1.0" encoding="UTF-8"?>
<Bundle xmlns="http://hl7.org/fhir">
	<id value="CPIS-NHSQueryResponse-Example"/>
	<meta>
		<lastUpdated value="2021-02-17T09:59:50+00:00"/>
		<profile value="https://fhir.hl7.org.uk/StructureDefinition/UKCore-Bundle"/>
	</meta>
	<type value="searchset"/>
	<timestamp value="2021-02-17T10:00:00+00:00"/>
	<entry>
		<fullUrl value="https://example.com/base/List/5de78795-a06e-48f7-a4ea-71dbcb788e3e"/>
		<resource>
			<List>
				<id value="5de78795-a06e-48f7-a4ea-71dbcb788e3e"/>
				<meta>
					<profile value="https://fhir.hl7.org.uk/StructureDefinition/UKCore-List"/>
				</meta>
				<extension url="https://fhir.nhs.uk/R4/StructureDefinition/Extension-CPIS-TotalCarePlans">
					<valuePositiveInt value="1"/>
				</extension>
				<status value="current"/>
				<mode value="snapshot"/>
				<code>
					<coding>
						<system value="http://snomed.info/sct"/>
						<code value="734163000"/>
						<display value="Care Plan"/>
					</coding>
				</code>
				<subject>
					<reference value="Patient/b5322c09-1002-4e8b-bc7a-9267a42a3936"/>
				</subject>
				<entry>
					<item>
						<reference value="CarePlan/4aa86bc1-9ee6-4eef-850c-681cad785cb8"/>
					</item>
				</entry>
			</List>
		</resource>
	</entry>
	<entry>
		<fullUrl value="https://example.com/base/CarePlan/4aa86bc1-9ee6-4eef-850c-681cad785cb8"/>
		<resource>
			<CarePlan>
				<id value="4aa86bc1-9ee6-4eef-850c-681cad785cb8"/>
				<meta>
					<profile value="https://fhir.hl7.org.uk/StructureDefinition/UKCore-CarePlan"/>
				</meta>
				<status value="active"/>
				<intent value="plan"/>
				<category>
					<coding>
						<system value="https://fhir.nhs.uk/R4/ValueSet/CPIS-PlanType"/>
						<code value="CPPI"/>
						<display value="Child Protection Plan Information"/>
					</coding>
				</category>
				<subject>
					<reference value="Patient/b5322c09-1002-4e8b-bc7a-9267a42a3936"/>
				</subject>
				<period>
					<start value="2020-04-13"/>
					<end value="2023-04-12"/>
				</period>
				<author>
					<reference value="Organization/4ecb4913-a03b-4609-ad29-8db90db7547b"/>
				</author>
			</CarePlan>
		</resource>
	</entry>
	<entry>
		<fullUrl value="https://example.com/base/Patient/b5322c09-1002-4e8b-bc7a-9267a42a3936"/>
		<resource>
			<Patient>
				<id value="b5322c09-1002-4e8b-bc7a-9267a42a3936"/>
				<meta>
					<profile value="https://fhir.hl7.org.uk/StructureDefinition/UKCore-Patient"/>
				</meta>
				<identifier>
					<extension url="https://fhir.hl7.org.uk/StructureDefinition/Extension-UKCore-NHSNumberVerificationStatus">
						<valueCodeableConcept>
							<coding>
								<system value="https://fhir.hl7.org.uk/CodeSystem/UKCore-NHSNumberVerificationStatus"/>
								<code value="01"/>
								<display value="Number present and verified"/>
							</coding>
						</valueCodeableConcept>
					</extension>
					<system value="https://fhir.nhs.uk/Id/nhs-number"/>
					<value value="9912003899"/>
				</identifier>
				<identifier>
					<value value="ISLSS80076"/>
				</identifier>
				<name>
					<family value="Ellis"/>
					<given value="Jack"/>
				</name>
				<birthDate value="2010-09-10">
					<extension url="http://hl7.org/fhir/StructureDefinition/patient-birthTime">
						<valueDateTime value="2010-09-10T17:42:00+00:00"/>
					</extension>
				</birthDate>
			</Patient>
		</resource>
	</entry>
	<entry>
		<fullUrl value="https://example.com/base/List/aa281f3d-28a3-4fe4-8201-1b5c210db0ba"/>
		<resource>
			<List>
				<id value="aa281f3d-28a3-4fe4-8201-1b5c210db0ba"/>
				<meta>
					<profile value="https://fhir.hl7.org.uk/StructureDefinition/UKCore-List"/>
				</meta>
				<extension url="https://fhir.nhs.uk/R4/StructureDefinition/Extension-CPIS-TotalRecords">
					<valuePositiveInt value="2"/>
				</extension>
				<status value="current"/>
				<mode value="snapshot"/>
				<code>
					<coding>
						<system value="http://snomed.info/sct"/>
						<code value="713481000000109"/>
						<display value="Audit administration"/>
					</coding>
				</code>
				<subject>
					<reference value="Patient/b5322c09-1002-4e8b-bc7a-9267a42a3936"/>
				</subject>
				<entry>
					<item>
						<reference value="AuditEvent/12d73d3e-cdd5-4f50-a025-a02a52fabdb1"/>
					</item>
				</entry>
				<entry>
					<item>
						<reference value="AuditEvent/da462385-8e1a-4f51-93a0-3d79cb7a76fd"/>
					</item>
				</entry>
			</List>
		</resource>
	</entry>
	<entry>
		<fullUrl value="https://example.com/base/AuditEvent/12d73d3e-cdd5-4f50-a025-a02a52fabdb1"/>
		<resource>
			<AuditEvent>
				<id value="12d73d3e-cdd5-4f50-a025-a02a52fabdb1"/>
				<meta>
					<profile value="https://fhir.hl7.org.uk/StructureDefinition/UKCore-AuditEvent"/>
				</meta>
				<type>
					<system value="http://terminology.hl7.org/CodeSystem/iso-21089-lifecycle"/>
					<code value="access"/>
					<display value="Access/View Record Lifecycle Event"/>
				</type>
				<recorded value="2021-02-10T13:10:00+00:00"/>
				<agent>
					<role>
						<coding>
							<system value="http://terminology.hl7.org/CodeSystem/v3-ParticipationType"/>
							<code value="AUT"/>
							<display value="author (originator)"/>
						</coding>
					</role>
					<who>
						<reference value="PractitionerRole/cbfc3ba9-0f51-4f8f-9cdf-456b5b201a10"/>
					</who>
					<requestor value="true"/>
				</agent>
				<source>
					<observer>
						<reference value="PractitionerRole/cbfc3ba9-0f51-4f8f-9cdf-456b5b201a10"/>
					</observer>
				</source>
				<entity>
					<what>
						<reference value="Patient/b5322c09-1002-4e8b-bc7a-9267a42a3936"/>
					</what>
				</entity>
			</AuditEvent>
		</resource>
	</entry>
	<entry>
		<fullUrl value="https://example.com/base/PractitionerRole/f9b83244-1e6a-483c-a8b5-227346a73d89"/>
		<resource>
			<PractitionerRole>
				<id value="f9b83244-1e6a-483c-a8b5-227346a73d89"/>
				<meta>
					<profile value="https://fhir.hl7.org.uk/StructureDefinition/UKCore-PractitionerRole"/>
				</meta>
				<identifier>
					<system value="https://fhir.nhs.uk/Id/sds-role-profile-id"/>
					<value value="100334993514"/>
				</identifier>
				<practitioner>
					<reference value="Practitioner/2c43d89e-1a5a-4410-bc57-58cafce4859c"/>
				</practitioner>
				<organization>
					<identifier>
						<system value="https://fhir.nhs.uk/Id/ods-organization-code"/>
						<value value="RR8"/>
					</identifier>
					<display value="Leeds Teaching Hospitals NHS Trust"/>
				</organization>
				<code>
					<coding>
						<system value="https://fhir.hl7.org.uk/CodeSystem/UKCore-SDSJobRoleName"/>
						<code value="R0670"/>
						<display value="Midwife - Sister/Charge Nurse"/>
					</coding>
				</code>
			</PractitionerRole>
		</resource>
	</entry>
	<entry>
		<fullUrl value="https://example.com/base/Practitioner/2c43d89e-1a5a-4410-bc57-58cafce4859c"/>
		<resource>
			<Practitioner>
				<id value="2c43d89e-1a5a-4410-bc57-58cafce4859c"/>
				<meta>
					<profile value="https://fhir.hl7.org.uk/StructureDefinition/UKCore-Practitioner"/>
				</meta>
				<identifier>
					<system value="https://fhir.nhs.uk/Id/sds-user-id"/>
					<value value="100334993566"/>
				</identifier>
				<name>
					<use value="usual"/>
					<family value="Palmer"/>
					<given value="Paula"/>
					<prefix value="Mrs"/>
					<suffix value="RMN"/>
					<period>
						<start value="1995-04-05"/>
					</period>
				</name>
			</Practitioner>
		</resource>
	</entry>
	<entry>
		<fullUrl value="https://example.com/base/Organization/4ecb4913-a03b-4609-ad29-8db90db7547b"/>
		<resource>
			<Organization>
				<id value="4ecb4913-a03b-4609-ad29-8db90db7547b"/>
				<meta>
					<profile value="https://fhir.hl7.org.uk/StructureDefinition/UKCore-Organization"/>
				</meta>
				<identifier>
					<system value="https://fhir.nhs.uk/Id/ods-organization-code"/>
					<value value="706"/>
				</identifier>
				<name value="Local Authority - LONDON BOROUGH OF ISLINGTON"/>
				<contact>
					<purpose>
						<coding>
							<system value="http://terminology.hl7.org/CodeSystem/v3-AddressUse"/>
							<code value="EC"/>
							<display value="emergency contact"/>
						</coding>
					</purpose>
					<telecom>
						<system value="phone"/>
						<value value="07998256451"/>
						<use value="mobile"/>
					</telecom>
				</contact>
				<contact>
					<purpose>
						<coding>
							<system value="http://terminology.hl7.org/CodeSystem/v3-AddressUse"/>
							<code value="WP"/>
							<display value="work place"/>
						</coding>
					</purpose>
					<telecom>
						<system value="phone"/>
						<value value="02077886655"/>
						<use value="work"/>
					</telecom>
				</contact>
			</Organization>
		</resource>
	</entry>
	<entry>
		<fullUrl value="https://example.com/base/AuditEvent/da462385-8e1a-4f51-93a0-3d79cb7a76fd"/>
		<resource>
			<AuditEvent>
				<id value="da462385-8e1a-4f51-93a0-3d79cb7a76fd"/>
				<meta>
					<profile value="https://fhir.hl7.org.uk/StructureDefinition/UKCore-AuditEvent"/>
				</meta>
				<type>
					<system value="http://terminology.hl7.org/CodeSystem/iso-21089-lifecycle"/>
					<code value="access"/>
					<display value="Access/View Record Lifecycle Event"/>
				</type>
				<recorded value="2020-08-11T17:20:00+00:00"/>
				<agent>
					<role>
						<coding>
							<system value="http://terminology.hl7.org/CodeSystem/v3-ParticipationType"/>
							<code value="AUT"/>
							<display value="author (originator)"/>
						</coding>
					</role>
					<who>
						<reference value="Device/cbfc3ba9-0f51-4f8f-9cdf-456b5b201a10"/>
					</who>
					<requestor value="true"/>
				</agent>
				<source>
					<observer>
						<reference value="Device/cbfc3ba9-0f51-4f8f-9cdf-456b5b201a10"/>
					</observer>
				</source>
				<entity>
					<what>
						<reference value="Patient/b5322c09-1002-4e8b-bc7a-9267a42a3936"/>
					</what>
				</entity>
			</AuditEvent>
		</resource>
	</entry>
	<entry>
		<fullUrl value="https://example.com/base/Device/cbfc3ba9-0f51-4f8f-9cdf-456b5b201a10"/>
		<resource>
			<Device>
				<id value="cbfc3ba9-0f51-4f8f-9cdf-456b5b201a10"/>
				<meta>
					<profile value="https://fhir.hl7.org.uk/StructureDefinition/UKCore-Device"/>
				</meta>
				<extension url="https://fhir.nhs.uk/R4/StructureDefinition/Extension-CPIS-AssignedEntity">
					<valueReference>
						<reference value="PractitionerRole/b827d558-46cb-4784-98a2-2d68d922cbe0"/>
					</valueReference>
				</extension>
				<identifier>
					<system value="https://fhir.nhs.uk/Id/nhsSpineASID"/>
					<value value="200000000209"/>
				</identifier>
				<owner>
					<identifier>
						<system value="https://fhir.nhs.uk/Id/ods-organization-code"/>
						<value value="RR8"/>
					</identifier>
					<display value="Leeds Teaching Hospitals NHS Trust"/>
				</owner>
			</Device>
		</resource>
	</entry>
	<entry>
		<fullUrl value="https://example.com/base/PractitionerRole/b827d558-46cb-4784-98a2-2d68d922cbe0"/>
		<resource>
			<PractitionerRole>
				<id value="b827d558-46cb-4784-98a2-2d68d922cbe0"/>
				<meta>
					<profile value="https://fhir.hl7.org.uk/StructureDefinition/UKCore-PractitionerRole"/>
				</meta>
				<practitioner>
					<reference value="Practitioner/5fc15500-4472-498c-a917-a97af3e5518d"/>
				</practitioner>
				<code>
					<coding>
						<system value="https://fhir.hl7.org.uk/CodeSystem/UKCore-SDSJobRoleName"/>
						<code value="R0110"/>
						<display value="Specialist Registrar"/>
					</coding>
				</code>
			</PractitionerRole>
		</resource>
	</entry>
	<entry>
		<fullUrl value="https://example.com/base/Practitioner/5fc15500-4472-498c-a917-a97af3e5518d"/>
		<resource>
			<Practitioner>
				<id value="5fc15500-4472-498c-a917-a97af3e5518d"/>
				<meta>
					<profile value="https://fhir.hl7.org.uk/StructureDefinition/UKCore-Practitioner"/>
				</meta>
				<name>
					<use value="usual"/>
					<family value="Smithson"/>
					<given value="Ian"/>
					<prefix value="Mr"/>
				</name>
			</Practitioner>
		</resource>
	</entry>
</Bundle>
