<ImplementationGuide xmlns="http://hl7.org/fhir">
  <url value="https://simplifier.net/guide/digitalmedicines" />
  <version value="2.1.14-alpha" />
  <name value="NHS Digital FHIR Medicines (Retired - 2.1.14)" />
  <status value="draft" />
  <description value="EPS allows prescribers to send prescriptions electronically to a dispenser (such as a pharmacy) of the patient's choice. This makes the prescribing and dispensing process more efficient and convenient for patients and staff." />
  <fhirVersion value="4.0.0" />
  <definition>
    <page>
      <nameUrl value="Home.md" />
      <title value="Home" />
      <generation value="markdown" />
      <page>
        <nameUrl value="Introduction.md" />
        <title value="Introduction" />
        <generation value="markdown" />
        <page>
          <nameUrl value="Howtousethisimplementationguide.md" />
          <title value="How to use this implementation guide" />
          <generation value="markdown" />
        </page>
        <page>
          <nameUrl value="ReleaseNotes.md" />
          <title value="Release Notes" />
          <generation value="markdown" />
        </page>
        <page>
          <nameUrl value="Guideversioning.md" />
          <title value="Guide versioning" />
          <generation value="markdown" />
        </page>
        <page>
          <nameUrl value="Glossary.md" />
          <title value="Glossary" />
          <generation value="markdown" />
        </page>
      </page>
      <page>
        <nameUrl value="FHIRAssets.md" />
        <title value="FHIR Assets" />
        <generation value="markdown" />
        <page>
          <nameUrl value="Profiles-duplicate-2.md" />
          <title value="Profiles" />
          <generation value="markdown" />
        </page>
        <page>
          <nameUrl value="CodeSystems.md" />
          <title value="CodeSystems" />
          <generation value="markdown" />
        </page>
        <page>
          <nameUrl value="ValueSets.md" />
          <title value="ValueSets" />
          <generation value="markdown" />
        </page>
        <page>
          <nameUrl value="ConceptMaps.md" />
          <title value="ConceptMaps" />
          <generation value="markdown" />
        </page>
        <page>
          <nameUrl value="Extensions.md" />
          <title value="Extensions" />
          <generation value="markdown" />
        </page>
        <page>
          <nameUrl value="OperationDefinition.md" />
          <title value="OperationDefinition" />
          <generation value="markdown" />
        </page>
        <page>
          <nameUrl value="CapabilityStatement.md" />
          <title value="CapabilityStatement" />
          <generation value="markdown" />
        </page>
        <page>
          <nameUrl value="MessageDefinition.md" />
          <title value="MessageDefinition" />
          <generation value="markdown" />
        </page>
        <page>
          <nameUrl value="AllAssets.md" />
          <title value="All Assets" />
          <generation value="markdown" />
          <page>
            <nameUrl value="Retired.md" />
            <title value="Retired" />
            <generation value="markdown" />
            <page>
              <nameUrl value="MedicinalProduct.md" />
              <title value="Medicinal Product" />
              <generation value="markdown" />
              <page>
                <nameUrl value="dmdBrowser-duplicate-2.md" />
                <title value="dm+d Browser" />
                <generation value="markdown" />
              </page>
              <page>
                <nameUrl value="DrugTariff.md" />
                <title value="Drug Tariff" />
                <generation value="markdown" />
              </page>
              <page>
                <nameUrl value="Examples-duplicate-2.md" />
                <title value="Examples" />
                <generation value="markdown" />
              </page>
            </page>
            <page>
              <nameUrl value="dmd.md" />
              <title value="dm+d" />
              <generation value="markdown" />
              <page>
                <nameUrl value="Medications.md" />
                <title value="Medications" />
                <generation value="markdown" />
                <page>
                  <nameUrl value="Prescribing.md" />
                  <title value="Prescribing" />
                  <generation value="markdown" />
                </page>
                <page>
                  <nameUrl value="Dispensing.md" />
                  <title value="Dispensing" />
                  <generation value="markdown" />
                </page>
              </page>
            </page>
            <page>
              <nameUrl value="Events.md" />
              <title value="Events" />
              <generation value="markdown" />
            </page>
          </page>
          <page>
            <nameUrl value="Profiles.md" />
            <title value="Profiles" />
            <generation value="markdown" />
            <page>
              <nameUrl value="DM-MedicationRequest-Outcome.md" />
              <title value="DM-MedicationRequest-Outcome" />
              <generation value="markdown" />
            </page>
            <page>
              <nameUrl value="UKCore-List.md" />
              <title value="UKCore-List" />
              <generation value="markdown" />
            </page>
            <page>
              <nameUrl value="DM-Provenance.md" />
              <title value="DM-Provenance" />
              <generation value="markdown" />
            </page>
            <page>
              <nameUrl value="DM-MedicationRequest-Medication.md" />
              <title value="DM-MedicationRequest-Medication" />
              <generation value="markdown" />
            </page>
            <page>
              <nameUrl value="DM-MedicationDispense-Medication.md" />
              <title value="DM-MedicationDispense-Medication" />
              <generation value="markdown" />
            </page>
            <page>
              <nameUrl value="NHSDigital-Claim.md" />
              <title value="NHSDigital-Claim" />
              <generation value="markdown" />
            </page>
            <page>
              <nameUrl value="NHSDigital-MedicationDispense.md" />
              <title value="NHSDigital-MedicationDispense" />
              <generation value="markdown" />
            </page>
            <page>
              <nameUrl value="NHSDigital-MedicationRequest.md" />
              <title value="NHSDigital-MedicationRequest" />
              <generation value="markdown" />
            </page>
            <page>
              <nameUrl value="NHSDigital-Task.md" />
              <title value="NHSDigital-Task" />
              <generation value="markdown" />
            </page>
            <page>
              <nameUrl value="NHSDigital-MedicationRequest-Outcome.md" />
              <title value="NHSDigital-MedicationRequest-Outcome" />
              <generation value="markdown" />
            </page>
          </page>
          <page>
            <nameUrl value="MessageDefinition-duplicate-2.md" />
            <title value="MessageDefinition" />
            <generation value="markdown" />
            <page>
              <nameUrl value="prescription-order.md" />
              <title value="prescription-order" />
              <generation value="markdown" />
            </page>
            <page>
              <nameUrl value="prescription-order-update.md" />
              <title value="prescription-order-update" />
              <generation value="markdown" />
            </page>
            <page>
              <nameUrl value="prescription-order-response.md" />
              <title value="prescription-order-response" />
              <generation value="markdown" />
            </page>
            <page>
              <nameUrl value="dispense-notification.md" />
              <title value="dispense-notification" />
              <generation value="markdown" />
            </page>
            <page>
              <nameUrl value="dispense-notification-update.md" />
              <title value="dispense-notification-update" />
              <generation value="markdown" />
            </page>
          </page>
          <page>
            <nameUrl value="ValueSet-duplicate-2.md" />
            <title value="ValueSet" />
            <generation value="markdown" />
            <page>
              <nameUrl value="DM-MedicationRequest-Category.md" />
              <title value="DM-MedicationRequest-Category" />
              <generation value="markdown" />
            </page>
            <page>
              <nameUrl value="DM-MedicationRequest-Controlled-Drug.md" />
              <title value="DM-MedicationRequest-Controlled-Drug" />
              <generation value="markdown" />
            </page>
            <page>
              <nameUrl value="DM-Performer-Site-Type.md" />
              <title value="DM-Performer-Site-Type" />
              <generation value="markdown" />
            </page>
            <page>
              <nameUrl value="DM-Prescription-Therapy-Type.md" />
              <title value="DM-Prescription-Therapy-Type" />
              <generation value="markdown" />
            </page>
            <page>
              <nameUrl value="DM-Prescription-Type.md" />
              <title value="DM-Prescription-Type" />
              <generation value="markdown" />
            </page>
            <page>
              <nameUrl value="DM-prescription-endorsement.md" />
              <title value="DM-prescription-endorsement" />
              <generation value="markdown" />
            </page>
            <page>
              <nameUrl value="DM-MedicationRequest-Status-Reason.md" />
              <title value="DM-MedicationRequest-Status-Reason" />
              <generation value="markdown" />
            </page>
            <page>
              <nameUrl value="DM-MedicationRequest-Course-of-Therapy.md" />
              <title value="DM-MedicationRequest-Course-of-Therapy" />
              <generation value="markdown" />
            </page>
            <page>
              <nameUrl value="DM-MedicationRequest-Code.md" />
              <title value="DM-MedicationRequest-Code" />
              <generation value="markdown" />
            </page>
            <page>
              <nameUrl value="DM-MedicationDispense-Code.md" />
              <title value="DM-MedicationDispense-Code" />
              <generation value="markdown" />
            </page>
            <page>
              <nameUrl value="DM-MedicationDispense-Type.md" />
              <title value="DM-MedicationDispense-Type" />
              <generation value="markdown" />
            </page>
            <page>
              <nameUrl value="DM-MedicationDispense-status-reason.md" />
              <title value="DM-MedicationDispense-status-reason" />
              <generation value="markdown" />
            </page>
            <page>
              <nameUrl value="DM-Task-Reason-Code.md" />
              <title value="DM-Task-Reason-Code" />
              <generation value="markdown" />
            </page>
            <page>
              <nameUrl value="DM-Task-Status-Reason.md" />
              <title value="DM-Task-Status-Reason" />
              <generation value="markdown" />
            </page>
            <page>
              <nameUrl value="DM-Prescription-Task-status-reason-duplicate-2.md" />
              <title value="DM-Prescription-Task-status-reason" />
              <generation value="markdown" />
            </page>
            <page>
              <nameUrl value="DM-prescription-release-rejection-reason.md" />
              <title value="DM-prescription-release-rejection-reason" />
              <generation value="markdown" />
            </page>
            <page>
              <nameUrl value="DM-dispensing-endorsement.md" />
              <title value="DM-dispensing-endorsement" />
              <generation value="markdown" />
            </page>
            <page>
              <nameUrl value="DM-prescription-charge-exemption.md" />
              <title value="DM-prescription-charge-exemption" />
              <generation value="markdown" />
            </page>
            <page>
              <nameUrl value="DM-vs-exemption-evidence.md" />
              <title value="DM-vs-exemption-evidence" />
              <generation value="markdown" />
            </page>
            <page>
              <nameUrl value="DM-vs-prescription-charge.md" />
              <title value="DM-vs-prescription-charge" />
              <generation value="markdown" />
            </page>
          </page>
          <page>
            <nameUrl value="OperationDefinition-duplicate-2.md" />
            <title value="OperationDefinition" />
            <generation value="markdown" />
            <page>
              <nameUrl value="prepare.md" />
              <title value="prepare" />
              <generation value="markdown" />
            </page>
            <page>
              <nameUrl value="process-message.md" />
              <title value="process-message" />
              <generation value="markdown" />
            </page>
            <page>
              <nameUrl value="release-duplicate-2.md" />
              <title value="release" />
              <generation value="markdown" />
            </page>
          </page>
          <page>
            <nameUrl value="ConceptMap.md" />
            <title value="ConceptMap" />
            <generation value="markdown" />
            <page>
              <nameUrl value="MedicationRequest-course-therapy-type-map.md" />
              <title value="MedicationRequest-course-therapy-type-map" />
              <generation value="markdown" />
            </page>
            <page>
              <nameUrl value="UKCore-PrescriptionTypetoR4PrescriptionTherapyTypeMap.md" />
              <title value="UKCore-PrescriptionType to R4 Prescription Therapy Type Map" />
              <generation value="markdown" />
            </page>
            <page>
              <nameUrl value="Prescription-release-rejection-reason-EPS-IssueCode.md" />
              <title value="Prescription-release-rejection-reason-EPS-IssueCode" />
              <generation value="markdown" />
            </page>
          </page>
          <page>
            <nameUrl value="CodeSystem.md" />
            <title value="CodeSystem" />
            <generation value="markdown" />
            <page>
              <nameUrl value="medicationdispense-endorsement.md" />
              <title value="medicationdispense-endorsement" />
              <generation value="markdown" />
            </page>
          </page>
          <page>
            <nameUrl value="CapabilityStatement-duplicate-2.md" />
            <title value="CapabilityStatement" />
            <generation value="markdown" />
            <page>
              <nameUrl value="instance.md" />
              <title value="instance" />
              <generation value="markdown" />
            </page>
            <page>
              <nameUrl value="requirements.md" />
              <title value="requirements" />
              <generation value="markdown" />
            </page>
          </page>
        </page>
      </page>
      <page>
        <nameUrl value="Design.md" />
        <title value="Design" />
        <generation value="markdown" />
        <page>
          <nameUrl value="PrescribingandDispensingWorkflow.md" />
          <title value="Prescribing and Dispensing Workflow" />
          <generation value="markdown" />
        </page>
        <page>
          <nameUrl value="PrescriptionOrdering.md" />
          <title value="Prescription Ordering" />
          <generation value="markdown" />
          <page>
            <nameUrl value="PrescriptionSigning.md" />
            <title value="Prescription Signing" />
            <generation value="markdown" />
          </page>
          <page>
            <nameUrl value="PrescriptionOrder.md" />
            <title value="Prescription Order" />
            <generation value="markdown" />
          </page>
          <page>
            <nameUrl value="PrescriptionOrderCancel.md" />
            <title value="Prescription Order Cancel" />
            <generation value="markdown" />
          </page>
        </page>
        <page>
          <nameUrl value="PrescriptionDownloadandDispensing.md" />
          <title value="Prescription Download and Dispensing" />
          <generation value="markdown" />
          <page>
            <nameUrl value="PrescriptionRelease.md" />
            <title value="Prescription Release" />
            <generation value="markdown" />
          </page>
          <page>
            <nameUrl value="DispenseNotification.md" />
            <title value="Dispense Notification" />
            <generation value="markdown" />
          </page>
          <page>
            <nameUrl value="DispenseNotificationUpdate.md" />
            <title value="Dispense Notification Update" />
            <generation value="markdown" />
          </page>
          <page>
            <nameUrl value="CancelaDispenseNotification.md" />
            <title value="Cancel a Dispense Notification" />
            <generation value="markdown" />
          </page>
          <page>
            <nameUrl value="ReturningPrescriptionstoEPS.md" />
            <title value="Returning Prescriptions to EPS" />
            <generation value="markdown" />
          </page>
        </page>
        <page>
          <nameUrl value="PrescriptionClaiming.md" />
          <title value="Prescription Claiming" />
          <generation value="markdown" />
          <page>
            <nameUrl value="DispenseClaim.md" />
            <title value="Dispense Claim" />
            <generation value="markdown" />
          </page>
          <page>
            <nameUrl value="DispenseClaimUpdate.md" />
            <title value="Dispense Claim Update" />
            <generation value="markdown" />
          </page>
        </page>
        <page>
          <nameUrl value="PrescriptionManagement.md" />
          <title value="Prescription Management" />
          <generation value="markdown" />
          <page>
            <nameUrl value="Fulfilment-duplicate-2.md" />
            <title value="Fulfilment" />
            <generation value="markdown" />
          </page>
          <page>
            <nameUrl value="PrescriptionToken.md" />
            <title value="Prescription Token" />
            <generation value="markdown" />
          </page>
          <page>
            <nameUrl value="NominatedPharmacy.md" />
            <title value="Nominated Pharmacy" />
            <generation value="markdown" />
          </page>
          <page>
            <nameUrl value="FulfilmentStates.md" />
            <title value="Fulfilment States" />
            <generation value="markdown" />
          </page>
        </page>
        <page>
          <nameUrl value="EPSQueryAPI.md" />
          <title value="EPS Query API" />
          <generation value="markdown" />
          <page>
            <nameUrl value="PrescriptionTrackerAPI.md" />
            <title value="Prescription Tracker API" />
            <generation value="markdown" />
          </page>
          <page>
            <nameUrl value="PrescriptionAPI.md" />
            <title value="Prescription API" />
            <generation value="markdown" />
          </page>
          <page>
            <nameUrl value="RetrievePrescriptionAPI.md" />
            <title value="Retrieve Prescription API" />
            <generation value="markdown" />
          </page>
        </page>
        <page>
          <nameUrl value="OtherServices.md" />
          <title value="Other Services" />
          <generation value="markdown" />
          <page>
            <nameUrl value="PDSDispensingContractorsandNomination.md" />
            <title value="PDS Dispensing Contractors and Nomination" />
            <generation value="markdown" />
          </page>
          <page>
            <nameUrl value="EPSDirectoryofServices.md" />
            <title value="EPS Directory of Services" />
            <generation value="markdown" />
          </page>
        </page>
        <page>
          <nameUrl value="PrescribingModels.md" />
          <title value="Prescribing Models" />
          <generation value="markdown" />
          <page>
            <nameUrl value="acute.md" />
            <title value="acute" />
            <generation value="markdown" />
          </page>
          <page>
            <nameUrl value="continuous.md" />
            <title value="continuous" />
            <generation value="markdown" />
          </page>
          <page>
            <nameUrl value="continuous-repeat-dispensing.md" />
            <title value="continuous-repeat-dispensing" />
            <generation value="markdown" />
          </page>
        </page>
        <page>
          <nameUrl value="HL7v3andFHIRInteractions-duplicate-2.md" />
          <title value="HL7 v3 and FHIR Interactions" />
          <generation value="markdown" />
        </page>
      </page>
      <page>
        <nameUrl value="Build.md" />
        <title value="Build" />
        <generation value="markdown" />
        <page>
          <nameUrl value="ReferencingFHIRResources.md" />
          <title value="Referencing FHIR Resources" />
          <generation value="markdown" />
          <page>
            <nameUrl value="IdentifierandCodeableConceptReference.md" />
            <title value="Identifier and CodeableConcept Reference" />
            <generation value="markdown" />
          </page>
          <page>
            <nameUrl value="ResourceReferencetoaresource.md" />
            <title value="Resource Reference to a resource" />
            <generation value="markdown" />
          </page>
          <page>
            <nameUrl value="Resourcereferencetocontainedresource.md" />
            <title value="Resource reference to contained resource" />
            <generation value="markdown" />
          </page>
          <page>
            <nameUrl value="IdentifierandResourceReferences.md" />
            <title value="Identifier and Resource References" />
            <generation value="markdown" />
          </page>
        </page>
        <page>
          <nameUrl value="FHIRSTU3toR4Conversion.md" />
          <title value="FHIR STU3 to R4 Conversion" />
          <generation value="markdown" />
          <page>
            <nameUrl value="Sections.md" />
            <title value="Sections" />
            <generation value="markdown" />
            <page>
              <nameUrl value="MedicationRequest.courseOfTherapyType.md" />
              <title value="MedicationRequest.courseOfTherapyType" />
              <generation value="markdown" />
            </page>
            <page>
              <nameUrl value="MedicationRequest.dispenseRequest.numberofrepeatsallowed.md" />
              <title value="MedicationRequest.dispenseRequest.numberofrepeatsallowed" />
              <generation value="markdown" />
            </page>
            <page>
              <nameUrl value="MedicationRequest.category.md" />
              <title value="MedicationRequest.category" />
              <generation value="markdown" />
            </page>
            <page>
              <nameUrl value="Medicationx.medicationCodeableConcept.md" />
              <title value="Medication[x].medicationCodeableConcept" />
              <generation value="markdown" />
            </page>
          </page>
        </page>
        <page>
          <nameUrl value="Prescribing-duplicate-2.md" />
          <title value="Prescribing" />
          <generation value="markdown" />
          <page>
            <nameUrl value="DevelopingPrescriptionOrderMessage.md" />
            <title value="Developing Prescription Order Message" />
            <generation value="markdown" />
          </page>
          <page>
            <nameUrl value="PrescriptionCancellations.md" />
            <title value="Prescription Cancellations" />
            <generation value="markdown" />
          </page>
        </page>
        <page>
          <nameUrl value="Dispensing-duplicate-2.md" />
          <title value="Dispensing" />
          <generation value="markdown" />
          <page>
            <nameUrl value="DownloadPrescriptionfromEPS.md" />
            <title value="Download Prescription from EPS" />
            <generation value="markdown" />
          </page>
          <page>
            <nameUrl value="Dispense-OwingsandPartialDispensing.md" />
            <title value="Dispense - Owings and Partial Dispensing" />
            <generation value="markdown" />
          </page>
          <page>
            <nameUrl value="DifferentPacksFlavours.md" />
            <title value="Different Packs/Flavours" />
            <generation value="markdown" />
          </page>
          <page>
            <nameUrl value="ReturningPrescriptionstoEPS-duplicate-2.md" />
            <title value="Returning Prescriptions to EPS" />
            <generation value="markdown" />
          </page>
          <page>
            <nameUrl value="NonDispensedItems.md" />
            <title value="Non Dispensed Items" />
            <generation value="markdown" />
          </page>
        </page>
        <page>
          <nameUrl value="Claims.md" />
          <title value="Claims" />
          <generation value="markdown" />
        </page>
      </page>
      <page>
        <nameUrl value="Examples.md" />
        <title value="Examples" />
        <generation value="markdown" />
        <page>
          <nameUrl value="AllExamples.md" />
          <title value="All Examples" />
          <generation value="markdown" />
          <page>
            <nameUrl value="MedicationRequest-duplicate-2.md" />
            <title value="MedicationRequest" />
            <generation value="markdown" />
            <page>
              <nameUrl value="MedicationRequestRepeatDispensing.md" />
              <title value="MedicationRequest Repeat Dispensing" />
              <generation value="markdown" />
            </page>
            <page>
              <nameUrl value="MedicationRequestMultipleDrugCodes.md" />
              <title value="MedicationRequest Multiple Drug Codes" />
              <generation value="markdown" />
            </page>
            <page>
              <nameUrl value="MedicationRequestControlledDrug.md" />
              <title value="MedicationRequest Controlled Drug" />
              <generation value="markdown" />
            </page>
          </page>
          <page>
            <nameUrl value="Claim.md" />
            <title value="Claim" />
            <generation value="markdown" />
            <page>
              <nameUrl value="claimmappedfromV3.md" />
              <title value="claim mapped from V3" />
              <generation value="markdown" />
            </page>
            <page>
              <nameUrl value="claim-update.md" />
              <title value="claim-update" />
              <generation value="markdown" />
            </page>
            <page>
              <nameUrl value="claimexample2.md" />
              <title value="claim example 2" />
              <generation value="markdown" />
            </page>
          </page>
          <page>
            <nameUrl value="Messagedispense-claim-update.md" />
            <title value="Message dispense-claim-update" />
            <generation value="markdown" />
            <page>
              <nameUrl value="prescription-dispense-claimupdate.md" />
              <title value="prescription-dispense-claim update" />
              <generation value="markdown" />
            </page>
          </page>
          <page>
            <nameUrl value="Messagedispense-notification.md" />
            <title value="Message dispense-notification" />
            <generation value="markdown" />
            <page>
              <nameUrl value="1stdispenseevent-partial.md" />
              <title value="1st dispense event - partial" />
              <generation value="markdown" />
            </page>
            <page>
              <nameUrl value="1stdispenseevent-partialwithPatientResource.md" />
              <title value="1st dispense event - partial with Patient Resource" />
              <generation value="markdown" />
            </page>
            <page>
              <nameUrl value="2nddispenseevent-partial.md" />
              <title value="2nd dispense event - partial" />
              <generation value="markdown" />
            </page>
            <page>
              <nameUrl value="3rddispenseevent-completed.md" />
              <title value="3rd dispense event - completed" />
              <generation value="markdown" />
            </page>
            <page>
              <nameUrl value="prescription-dispense-notification.md" />
              <title value="prescription-dispense-notification" />
              <generation value="markdown" />
            </page>
          </page>
          <page>
            <nameUrl value="Messagedispense-notification-update.md" />
            <title value="Message dispense-notification-update" />
            <generation value="markdown" />
            <page>
              <nameUrl value="3rddispenseevent-update.md" />
              <title value="3rd dispense event - update" />
              <generation value="markdown" />
            </page>
          </page>
          <page>
            <nameUrl value="Messageprescription-order.md" />
            <title value="Message prescription-order" />
            <generation value="markdown" />
            <page>
              <nameUrl value="PrescriptionOrderHomecarePrepare.md" />
              <title value="Prescription Order Homecare Prepare" />
              <generation value="markdown" />
            </page>
            <page>
              <nameUrl value="PrescriptionOrderHomecareRepeatMedication.md" />
              <title value="Prescription Order Homecare Repeat Medication" />
              <generation value="markdown" />
            </page>
            <page>
              <nameUrl value="PrescriptionOrderHomecareusingMedicationresource.md" />
              <title value="Prescription Order Homecare using Medication resource" />
              <generation value="markdown" />
            </page>
            <page>
              <nameUrl value="PrescriptionOrderOutpatientMultipleMedications.md" />
              <title value="Prescription Order Outpatient Multiple Medications" />
              <generation value="markdown" />
            </page>
            <page>
              <nameUrl value="PrescriptionOrderOutpatientAcuteMedication.md" />
              <title value="Prescription Order Outpatient Acute Medication" />
              <generation value="markdown" />
            </page>
            <page>
              <nameUrl value="PrescriptionOrderOutpatientEndorsement.md" />
              <title value="Prescription Order Outpatient Endorsement" />
              <generation value="markdown" />
            </page>
            <page>
              <nameUrl value="PrescriptionOrderCommunityNoNominatedPharmacy.md" />
              <title value="Prescription Order Community No Nominated Pharmacy" />
              <generation value="markdown" />
            </page>
            <page>
              <nameUrl value="PrescriptionOrderCommunityNursePrescriber.md" />
              <title value="Prescription Order Community Nurse Prescriber" />
              <generation value="markdown" />
            </page>
            <page>
              <nameUrl value="PrescriptionOrderGPwithpatientnotes.md" />
              <title value="Prescription Order GP with patient notes" />
              <generation value="markdown" />
            </page>
          </page>
          <page>
            <nameUrl value="Messageprescription-order-response.md" />
            <title value="Message prescription-order-response" />
            <generation value="markdown" />
            <page>
              <nameUrl value="PrescriptionOrderHomecareResponse.md" />
              <title value="Prescription Order Homecare Response" />
              <generation value="markdown" />
            </page>
            <page>
              <nameUrl value="PrescriptionOrderHomecaseSubsequentResponse.md" />
              <title value="Prescription Order Homecase Subsequent Response" />
              <generation value="markdown" />
            </page>
            <page>
              <nameUrl value="PrescriptionOrderOutpatientResponse.md" />
              <title value="Prescription Order Outpatient Response" />
              <generation value="markdown" />
            </page>
            <page>
              <nameUrl value="PrescriptionOrderOutpatientSubsequentResponse.md" />
              <title value="Prescription Order Outpatient Subsequent Response" />
              <generation value="markdown" />
            </page>
          </page>
          <page>
            <nameUrl value="Messageprescription-order-update.md" />
            <title value="Message prescription-order-update" />
            <generation value="markdown" />
            <page>
              <nameUrl value="PrescriptionOrderHomecareUpdate.md" />
              <title value="Prescription Order Homecare Update" />
              <generation value="markdown" />
            </page>
            <page>
              <nameUrl value="PrescriptionOrderOutpatientCancel.md" />
              <title value="Prescription Order Outpatient Cancel" />
              <generation value="markdown" />
            </page>
          </page>
          <page>
            <nameUrl value="OtherExamples.md" />
            <title value="Other Examples" />
            <generation value="markdown" />
            <page>
              <nameUrl value="List.md" />
              <title value="List" />
              <generation value="markdown" />
            </page>
          </page>
          <page>
            <nameUrl value="OperationDefinitionrelease.md" />
            <title value="OperationDefinition release" />
            <generation value="markdown" />
            <page>
              <nameUrl value="PatientPrescriptionReleaseRequest.md" />
              <title value="PatientPrescriptionReleaseRequest" />
              <generation value="markdown" />
            </page>
            <page>
              <nameUrl value="NominatedPharmacyReleaseRequest.md" />
              <title value="NominatedPharmacyReleaseRequest" />
              <generation value="markdown" />
            </page>
            <page>
              <nameUrl value="NominatedPharmacyReleaseRequestFX478.md" />
              <title value="NominatedPharmacyReleaseRequest FX478" />
              <generation value="markdown" />
            </page>
          </page>
          <page>
            <nameUrl value="Task.md" />
            <title value="Task" />
            <generation value="markdown" />
            <page>
              <nameUrl value="TaskEPSPrescriptionTracker1.md" />
              <title value="Task EPS Prescription Tracker 1" />
              <generation value="markdown" />
            </page>
            <page>
              <nameUrl value="TaskEPSPrescriptionTracker2.md" />
              <title value="Task EPS Prescription Tracker 2" />
              <generation value="markdown" />
            </page>
            <page>
              <nameUrl value="TaskCancelDispenseNotification.md" />
              <title value="Task Cancel Dispense Notification" />
              <generation value="markdown" />
            </page>
            <page>
              <nameUrl value="TaskReturnPrescriptionOrder.md" />
              <title value="Task Return Prescription Order" />
              <generation value="markdown" />
            </page>
            <page>
              <nameUrl value="TaskPrescriptionCancel.md" />
              <title value="Task Prescription Cancel" />
              <generation value="markdown" />
            </page>
          </page>
        </page>
      </page>
      <page>
        <nameUrl value="Downloads.md" />
        <title value="Downloads" />
        <generation value="markdown" />
      </page>
      <page>
        <nameUrl value="HelpandSupport.md" />
        <title value="Help and Support" />
        <generation value="markdown" />
      </page>
    </page>
  </definition>
</ImplementationGuide>