<ImplementationGuide xmlns="http://hl7.org/fhir"><url value="https://simplifier.net/guide/childprotection?version=current" /><version value="1.0.0 - Alpha" /><name value="Child Protection" /><status value="draft" /><description value="Child Protection specification describing how information will be shared between local authorities and health care providers." /><fhirVersion value="4.0.0" /><definition><page><nameUrl value="Home.md" /><title value="Home" /><generation value="markdown" /><page><nameUrl value="Introduction.md" /><title value="Introduction" /><generation value="markdown" /><page><nameUrl value="Howtousethisimplementationguide.md" /><title value="How to use this implementation guide" /><generation value="markdown" /></page><page><nameUrl value="Releasenotes.md" /><title value="Release notes" /><generation value="markdown" /></page><page><nameUrl value="Guideversioning.md" /><title value="Guide versioning" /><generation value="markdown" /></page><page><nameUrl value="Glossary.md" /><title value="Glossary" /><generation value="markdown" /></page></page><page><nameUrl value="FHIRAssets-duplicate-2.md" /><title value="FHIR Assets" /><generation value="markdown" /><page><nameUrl value="Profiles.md" /><title value="Profiles" /><generation value="markdown" /></page><page><nameUrl value="Extensions.md" /><title value="Extensions" /><generation value="markdown" /></page><page><nameUrl value="CodeSystems.md" /><title value="CodeSystems" /><generation value="markdown" /></page><page><nameUrl value="ValueSets.md" /><title value="ValueSets" /><generation value="markdown" /></page><page><nameUrl value="ConceptMaps.md" /><title value="ConceptMaps" /><generation value="markdown" /></page><page><nameUrl value="OperationDefinitions.md" /><title value="OperationDefinitions" /><generation value="markdown" /></page><page><nameUrl value="AllAssets.md" /><title value="All Assets" /><generation value="markdown" /><page><nameUrl value="AllProfiles.md" /><title value="All Profiles" /><generation value="markdown" /><page><nameUrl value="AuditEvent.md" /><title value="AuditEvent" /><generation value="markdown" /></page><page><nameUrl value="Bundle.md" /><title value="Bundle" /><generation value="markdown" /></page><page><nameUrl value="CarePlan.md" /><title value="CarePlan" /><generation value="markdown" /></page><page><nameUrl value="Device.md" /><title value="Device" /><generation value="markdown" /></page><page><nameUrl value="List.md" /><title value="List" /><generation value="markdown" /></page><page><nameUrl value="Organization.md" /><title value="Organization" /><generation value="markdown" /></page><page><nameUrl value="Patient.md" /><title value="Patient" /><generation value="markdown" /></page><page><nameUrl value="Practitioner.md" /><title value="Practitioner" /><generation value="markdown" /></page><page><nameUrl value="PractitionerRole.md" /><title value="PractitionerRole" /><generation value="markdown" /></page></page><page><nameUrl value="AllExtensions.md" /><title value="All Extensions" /><generation value="markdown" /><page><nameUrl value="ExtensionCPIS-AssignedEntity.md" /><title value="Extension CPIS-AssignedEntity" /><generation value="markdown" /></page><page><nameUrl value="ExtensionCPIS-TotalRecords.md" /><title value="Extension CPIS-TotalRecords" /><generation value="markdown" /></page><page><nameUrl value="ExtensionCPIS-TotalCarePlans.md" /><title value="Extension CPIS-TotalCarePlans" /><generation value="markdown" /></page></page><page><nameUrl value="AllCodeSystems.md" /><title value="All CodeSystems" /><generation value="markdown" /><page><nameUrl value="CodeSystemCPIS-ObservationType.md" /><title value="CodeSystem CPIS-ObservationType" /><generation value="markdown" /></page></page><page><nameUrl value="AllValueSets.md" /><title value="All ValueSets" /><generation value="markdown" /><page><nameUrl value="ValueSetCPIS-PlanType.md" /><title value="ValueSet CPIS-PlanType" /><generation value="markdown" /></page></page><page><nameUrl value="AllConceptMaps.md" /><title value="All ConceptMaps" /><generation value="markdown" /></page><page><nameUrl value="AllOperationDefinitions.md" /><title value="All OperationDefinitions" /><generation value="markdown" /><page><nameUrl value="OperationDefinitionCPIS-GetBundle.md" /><title value="OperationDefinition CPIS-GetBundle" /><generation value="markdown" /></page></page></page></page><page><nameUrl value="Design.md" /><title value="Design" /><generation value="markdown" /><page><nameUrl value="Designoverview.md" /><title value="Design overview" /><generation value="markdown" /></page><page><nameUrl value="DataMapping.md" /><title value="Data Mapping" /><generation value="markdown" /></page><page><nameUrl value="Interactions.md" /><title value="Interactions" /><generation value="markdown" /></page><page><nameUrl value="DesignQueries.md" /><title value="Design Queries" /><generation value="markdown" /></page></page><page><nameUrl value="Build.md" /><title value="Build" /><generation value="markdown" /></page><page><nameUrl value="Examples.md" /><title value="Examples" /><generation value="markdown" /><page><nameUrl value="ExampleCPISBundle.md" /><title value="Example CPIS Bundle" /><generation value="markdown" /></page></page><page><nameUrl value="Authentication.md" /><title value="Authentication" /><generation value="markdown" /><page><nameUrl value="IntegrationwithSPINE.md" /><title value="Integration with SPINE" /><generation value="markdown" /></page></page><page><nameUrl value="Downloads.md" /><title value="Downloads" /><generation value="markdown" /></page><page><nameUrl value="Helpandsupport.md" /><title value="Help and support" /><generation value="markdown" /></page></page></definition></ImplementationGuide>