<NamingSystem xmlns="http://hl7.org/fhir">
  <id value="DM-medicationdispense-type-ns" />
  <name value="medicationdispense type" />
  <status value="draft" />
  <kind value="codesystem" />
  <date value="2020-10-06" />
  <publisher value="NHS Digital" />
  <responsible value="NHS Digital" />
  <description value="medicationdispense type" />
  <usage value="EPS" />
  <uniqueId>
    <type value="uri" />
    <value value="https://fhir.nhs.uk/CodeSystem/medicationdispense-type" />
    <preferred value="true" />
  </uniqueId>
  <uniqueId>
    <type value="oid" />
    <value value="2.16.840.1.113883.2.1.3.2.4.17.23" />
    <preferred value="false" />
  </uniqueId>
</NamingSystem>