<NamingSystem xmlns="http://hl7.org/fhir">
  <id value="dm-prescription-treatment-type-ns" />
  <name value="Digital Medicine Prescription Treatment Type - not used externally" />
  <status value="draft" />
  <kind value="codesystem" />
  <date value="2020-06-01" />
  <publisher value="NHS Digital" />
  <responsible value="NHS Digital" />
  <description value="The management reasons for a prescription being issued." />
  <usage value="EPS" />
  <uniqueId>
    <type value="uri" />
    <value value="https://fhir.nhs.uk/CodeSystem/DM-prescription-treatment-type" />
    <preferred value="false" />
  </uniqueId>
  <uniqueId>
    <type value="oid" />
    <value value="2.16.840.1.113883.2.1.3.2.4.16.36" />
    <preferred value="false" />
  </uniqueId>
</NamingSystem>