{
  "resourceType": "Parameters",
  "id": "794e6272-a022-48f9-bcdb-867c993548da",
  "parameter": [
    {
      "name": "0",
      "part": [
        {
          "name": "messageIdentifier",
          "valueReference": {
            "identifier": {
              "system": "https://tools.ietf.org/html/rfc4122",
              "value": "05748daa-b163-4a59-bc8b-a71c139f82f5"
            }
          }
        },
        {
          "name": "result",
          "resource": {
            "resourceType": "OperationOutcome",
            "issue": [
              {
                "severity": "error",
                "code": "invalid",
                "diagnostics": "Signature is invalid.",
                "details": {
                  "coding": [
                    {
                      "system": "https://fhir.nhs.uk/CodeSystem/Spine-ErrorOrWarningCode",
                      "code": "INVALID_VALUE"
                    }
                  ]
                },
                "expression": [
                  "Provenance.signature.data"
                ]
              },
              {
                "severity": "error",
                "code": "invalid",
                "diagnostics": "Signature doesn't match prescription.",
                "details": {
                  "coding": [
                    {
                      "system": "https://fhir.nhs.uk/CodeSystem/Spine-ErrorOrWarningCode",
                      "code": "INVALID_VALUE"
                    }
                  ]
                },
                "expression": [
                  "Provenance.signature.data"
                ]
              }
            ]
          }
        }
      ]
    }
  ]
}