<StructureDefinition xmlns="http://hl7.org/fhir">
  <id value="Extension-DataStandardsWales-SourceSystem" />
  <url value="https://fhir.nhs.wales/StructureDefinition/Extension-DataStandardsWales-SourceSystem" />
  <version value="0.0.1" />
  <name value="ExtensionDataStandardsWalesSourceSystem" />
  <title value="Extension Data Standards Wales Source System" />
  <status value="draft" />
  <experimental value="true" />
  <date value="2025-09-20" />
  <publisher value="NHS Wales" />
  <contact>
    <name value="FHIR Standards" />
    <telecom>
      <system value="email" />
      <value value="fhir.standards@wales.nhs.uk" />
      <use value="work" />
      <rank value="1" />
    </telecom>
  </contact>
  <description value="This extension shows the repository in which a document is stored." />
  <purpose value="This extension shows the repository in which a document is stored." />
  <copyright value="2025 NHS Wales" />
  <fhirVersion value="4.0.1" />
  <kind value="complex-type" />
  <abstract value="false" />
  <context>
    <type value="element" />
    <expression value="DocumentReference" />
  </context>
  <type value="Extension" />
  <baseDefinition value="http://hl7.org/fhir/StructureDefinition/Extension" />
  <derivation value="constraint" />
  <differential>
    <element id="Extension">
      <path value="Extension" />
      <short value="The source system for the document details." />
      <definition value="The system from which the document details were sourced to create the document reference." />
      <max value="1" />
    </element>
    <element id="Extension.url">
      <path value="Extension.url" />
      <fixedUri value="https://fhir.nhs.wales/StructureDefinition/Extension-DataStandardsWales-SourceSystem" />
    </element>
    <element id="Extension.value[x]">
      <path value="Extension.value[x]" />
      <short value="Source system." />
      <definition value="The source system for the document details." />
      <type>
        <code value="Reference" />
        <targetProfile value="https://fhir.nhs.wales/StructureDefinition/DataStandardsWales-Device" />
      </type>
    </element>
  </differential>
</StructureDefinition>