<StructureDefinition xmlns="http://hl7.org/fhir">
  <id value="Extension-DataStandardsWales-UECExpectedTimeOfTreatment" />
  <url value="https://fhir.nhs.wales/StructureDefinition/Extension-DataStandardsWales-UEC-ExpectedTimeOfTreatment" />
  <version value="0.0.1" />
  <name value="ExtensionDataStandardsWalesUECExpectedTimeOfTreatment" />
  <title value="Extension Data Standards Wales UEC Expected Time Of Treatment" />
  <status value="draft" />
  <date value="2025-09-18" />
  <publisher value="NHS Wales" />
  <copyright value="2025 NHS Wales" />
  <fhirVersion value="4.0.1" />
  <kind value="complex-type" />
  <abstract value="false" />
  <context>
    <type value="element" />
    <expression value="Encounter" />
  </context>
  <type value="Extension" />
  <baseDefinition value="http://hl7.org/fhir/StructureDefinition/Extension" />
  <derivation value="constraint" />
  <differential>
    <element id="Extension.url">
      <path value="Extension.url" />
      <fixedUri value="https://fhir.nhs.wales/StructureDefinition/Extension-DataStandardsWales-UEC-ExpectedTimeOfTreatment" />
    </element>
    <element id="Extension.value[x]">
      <path value="Extension.value[x]" />
      <type>
        <code value="dateTime" />
      </type>
    </element>
  </differential>
</StructureDefinition>