<StructureDefinition xmlns="http://hl7.org/fhir">
  <id value="Extension-DataStandardsWales-DocumentErrorStatus" />
  <url value="https://fhir.nhs.wales/StructureDefinition/Extension-DataStandardsWales-DocumentErrorStatus" />
  <version value="0.0.1" />
  <name value="ExtensionDataStandardsWalesDocumentErrorStatus" />
  <title value="Extension Data Standards Wales Document Error Status" />
  <status value="draft" />
  <experimental value="true" />
  <date value="2025-09-20" />
  <publisher value="NHS Wales" />
  <contact>
    <name value="FHIR Standards" />
    <telecom>
      <system value="email" />
      <value value="fhir.standards@wales.nhs.uk" />
      <use value="work" />
      <rank value="1" />
    </telecom>
  </contact>
  <description value="This extension clarifies the status of a document marked as entered-in-error." />
  <purpose value="Provides further granularity to support correct handling of error documents by operational systems." />
  <copyright value="2025 NHS Wales" />
  <fhirVersion value="4.0.1" />
  <kind value="complex-type" />
  <abstract value="false" />
  <context>
    <type value="element" />
    <expression value="DocumentReference" />
  </context>
  <type value="Extension" />
  <baseDefinition value="http://hl7.org/fhir/StructureDefinition/Extension" />
  <derivation value="constraint" />
  <differential>
    <element id="Extension">
      <path value="Extension" />
      <short value="Document error status" />
      <definition value="An extension to carry a descriptive code for the document error status e.g. potential-misfile.  The error status can be used by systems to affect document handling and presentation e.g. watermarking." />
      <max value="1" />
    </element>
    <element id="Extension.extension">
      <path value="Extension.extension" />
      <max value="0" />
    </element>
    <element id="Extension.url">
      <path value="Extension.url" />
      <fixedUri value="https://fhir.nhs.wales/StructureDefinition/Extension-DataStandardsWales-DocumentErrorStatus" />
    </element>
    <element id="Extension.value[x]">
      <path value="Extension.value[x]" />
      <short value="revoked | potential-misfile | misfiled" />
      <definition value="A descriptive code for the document error status." />
      <min value="1" />
      <type>
        <code value="code" />
      </type>
      <binding>
        <strength value="required" />
        <valueSet value="https://fhir.nhs.wales/ValueSet/FHIRStandardsWales-DocumentErrorStatus" />
      </binding>
    </element>
    <element id="Extension.value[x].extension">
      <path value="Extension.value[x].extension" />
      <max value="0" />
    </element>
  </differential>
</StructureDefinition>