<StructureDefinition xmlns="http://hl7.org/fhir">
  <id value="Extension-DataStandardsWales-UECAttendanceCategory" />
  <url value="https://fhir.nhs.wales/StructureDefinition/Extension-DataStandardsWales-UEC-AttendanceCategory" />
  <version value="0.0.1" />
  <name value="ExtensionDataStandardsWalesUECAttendanceCategory" />
  <title value="Extension Data Standards Wales UEC Attendance Category" />
  <status value="draft" />
  <date value="2025-09-18" />
  <publisher value="NHS Wales" />
  <copyright value="2025 NHS wales" />
  <fhirVersion value="4.0.1" />
  <kind value="complex-type" />
  <abstract value="false" />
  <context>
    <type value="element" />
    <expression value="Encounter" />
  </context>
  <type value="Extension" />
  <baseDefinition value="http://hl7.org/fhir/StructureDefinition/Extension" />
  <derivation value="constraint" />
  <differential>
    <element id="Extension.url">
      <path value="Extension.url" />
      <fixedUri value="https://fhir.nhs.wales/StructureDefinition/Extension-DataStandardsWales-UEC-AttendanceCategory" />
    </element>
    <element id="Extension.value[x]">
      <path value="Extension.value[x]" />
      <type>
        <code value="CodeableConcept" />
      </type>
      <binding>
        <strength value="required" />
        <valueSet value="https://fhir.nhs.wales/ValueSet/DataStandardsWales-UEC-AttendanceCategory" />
      </binding>
    </element>
  </differential>
</StructureDefinition>