<?xml version="1.0" encoding="utf-8"?>
<StructureDefinition xmlns="http://hl7.org/fhir">
  <id value="Extension-DataStandardsWales-CDR-SourceTimestamp" />
  <url value="https://fhir.nhs.wales/StructureDefinition/Extension-DataStandardsWales-CDRSourceTimestamp" />
  <version value="0.0.1" />
  <name value="ExtensionDataStandardsWalesCdrSourceTimestamp" />
  <title value="Extension Data Standards Wales CDR Source Timestamp" />
  <status value="draft" />
  <date value="2024-05-23" />
  <publisher value="NHS Wales" />
  <contact>
    <name value="Data Standards" />
    <telecom>
      <system value="email" />
      <value value="data.standards@wales.nhs.uk" />
      <use value="work" />
      <rank value="1" />
    </telecom>
  </contact>
  <description value="An extension to carry an indicator for the event date of a data change at the source system" />
  <purpose value="An extension to carry an indicator for the event date of a data change at the source system" />
  <copyright value="2024 NHS Wales." />
  <fhirVersion value="4.0.1" />
  <kind value="complex-type" />
  <abstract value="false" />
  <context>
    <type value="element" />
    <expression value="Patient" />
  </context>
  <type value="Extension" />
  <baseDefinition value="http://hl7.org/fhir/StructureDefinition/Extension" />
  <derivation value="constraint" />
  <differential>
    <element id="Extension">
      <path value="Extension" />
      <short value="An extension to carry a timestamp for when a record has been updated" />
      <definition value="An extension to carry a timestamp for when a record has been updated in the underlying source system" />
    </element>
    <element id="Extension.url">
      <path value="Extension.url" />
      <fixedUri value="https://fhir.nhs.wales/StructureDefinition/Extension-DataStandardsWales-CDRSourceTimestamp" />
    </element>
    <element id="Extension.value[x]">
      <path value="Extension.value[x]" />
      <min value="1" />
      <type>
        <code value="dateTime" />
      </type>
    </element>
  </differential>
</StructureDefinition>