<StructureDefinition xmlns="http://hl7.org/fhir">
  <id value="Extension-DataStandardsWales-Immunization.basedOn" />
  <url value="http://hl7.org/fhir/5.0/StructureDefinition/Extension-Immunization.basedOn" />
  <version value="0.1.0" />
  <name value="ExtensionDataStandardsWalesImmunizationBasedOn" />
  <title value="Extension Data Standards Wales Immunization Based On" />
  <status value="draft" />
  <date value="2025-04-24" />
  <publisher value="NHS Wales" />
  <contact>
    <name value="FHIR Standards" />
    <telecom>
      <system value="email" />
      <value value="fhir.standards@wales.nhs.uk" />
      <use value="work" />
      <rank value="1" />
    </telecom>
  </contact>
  <description value="An extension to carry a plan, order or recommendation fulfilled in whole or in part by this immunisation. This is a R5 backport" />
  <purpose value="This extension, which is a R5 backport, allows tracing of an authorisation for the Immunisation." />
  <copyright value="2025 NHS Wales" />
  <fhirVersion value="4.0.1" />
  <kind value="complex-type" />
  <abstract value="false" />
  <context>
    <type value="element" />
    <expression value="Immunization" />
  </context>
  <type value="Extension" />
  <baseDefinition value="http://hl7.org/fhir/StructureDefinition/Extension" />
  <derivation value="constraint" />
  <differential>
    <element id="Extension.extension">
      <path value="Extension.extension" />
      <max value="0" />
    </element>
    <element id="Extension.url">
      <path value="Extension.url" />
      <fixedUri value="http://hl7.org/fhir/5.0/StructureDefinition/extension-Immunization.basedOn" />
    </element>
    <element id="Extension.value[x]">
      <path value="Extension.value[x]" />
      <type>
        <code value="Reference" />
        <targetProfile value="http://hl7.org/fhir/StructureDefinition/CarePlan" />
        <targetProfile value="https://fhir.nhs.wales/StructureDefinition/DataStandardsWales-MedicationRequest" />
        <targetProfile value="https://fhir.nhs.wales/StructureDefinition/DataStandardsWales-ServiceRequest" />
        <targetProfile value="https://fhir.nhs.wales/StructureDefinition/DataStandardsWales-ImmunizationRecommendation" />
      </type>
    </element>
  </differential>
</StructureDefinition>