<StructureDefinition xmlns="http://hl7.org/fhir">
  <id value="Extension-DataStandardsWales-DocumentDigitalStatus" />
  <url value="https://fhir.nhs.wales/StructureDefinition/Extension-DataStandardsWales-DocumentDigitalStatus" />
  <version value="0.0.1" />
  <name value="ExtensionDataStandardsWalesDocumentDigitalStatus" />
  <title value="Extension Data Standards Wales Document Digital Status" />
  <status value="draft" />
  <experimental value="true" />
  <date value="2025-08-18" />
  <publisher value="NHS Wales" />
  <contact>
    <name value="FHIR Standards" />
    <telecom>
      <system value="email" />
      <value value="fhir.standards@wales.nhs.uk" />
      <use value="work" />
      <rank value="1" />
    </telecom>
  </contact>
  <description value="This extension shows the digital status of a document." />
  <purpose value="This extension shows the digital status of a document." />
  <copyright value="2025 NHS Wales" />
  <fhirVersion value="4.0.1" />
  <kind value="complex-type" />
  <abstract value="false" />
  <context>
    <type value="element" />
    <expression value="DocumentReference" />
  </context>
  <type value="Extension" />
  <baseDefinition value="http://hl7.org/fhir/StructureDefinition/Extension" />
  <derivation value="constraint" />
  <differential>
    <element id="Extension">
      <path value="Extension" />
      <short value="Document digital status" />
      <definition value="The digital status of the document. Indicates whether the document was always digital or created from a paper original via scanning." />
      <min value="1" />
      <max value="1" />
    </element>
    <element id="Extension.extension">
      <path value="Extension.extension" />
      <max value="0" />
    </element>
    <element id="Extension.url">
      <path value="Extension.url" />
      <fixedUri value="https://fhir.nhs.wales/StructureDefinition/Extension-DataStandardsWales-DocumentDigitalStatus" />
    </element>
    <element id="Extension.value[x]">
      <path value="Extension.value[x]" />
      <short value="born-digital-document | scanned-paper-document | unknown" />
      <definition value="Indicates whether the document was always digital or created from a paper original via scanning." />
      <min value="1" />
      <type>
        <code value="code" />
      </type>
      <binding>
        <strength value="required" />
        <description value="A code to indicate the digital status of a document" />
        <valueSet value="https://fhir.nhs.wales/ValueSet/DataStandardsWales-DocumentDigitalStatus" />
      </binding>
    </element>
    <element id="Extension.value[x].extension">
      <path value="Extension.value[x].extension" />
      <max value="0" />
    </element>
  </differential>
</StructureDefinition>