<StructureDefinition xmlns="http://hl7.org/fhir">
  <id value="Extension-DataStandardsWales-ForecastCreationSource" />
  <url value="https://fhir.nhs.wales/StructureDefinition/Extension-DataStandardsWales-ForecastCreationSource" />
  <version value="0.1.0" />
  <name value="ExtensionDataStandardsWalesForecastCreationSource" />
  <title value="Extension Data Standards Wales Forecast Creation Source" />
  <status value="draft" />
  <date value="2025-04-28" />
  <publisher value="NHS Wales" />
  <contact>
    <name value="FHIR Standards" />
    <telecom>
      <system value="email" />
      <value value="fhir.standards@wales.nhs.uk" />
      <use value="work" />
      <rank value="1" />
    </telecom>
  </contact>
  <description value="An extension to capture manually entered recommendations by the healthcare professional." />
  <purpose value="This extends the resource to capture manually entered recommendations by the healthcare professional." />
  <copyright value="2025 NHS Wales" />
  <fhirVersion value="4.0.1" />
  <kind value="complex-type" />
  <abstract value="false" />
  <context>
    <type value="element" />
    <expression value="Immunization" />
  </context>
  <type value="Extension" />
  <baseDefinition value="http://hl7.org/fhir/StructureDefinition/Extension" />
  <derivation value="constraint" />
  <differential>
    <element id="Extension.extension">
      <path value="Extension.extension" />
      <max value="0" />
    </element>
    <element id="Extension.url">
      <path value="Extension.url" />
      <fixedUri value="https://fhir.nhs.wales/StructureDefinition/Extension-DataStandardsWales-ForecastCreationSource" />
    </element>
    <element id="Extension.value[x]">
      <path value="Extension.value[x]" />
      <type>
        <code value="Annotation" />
      </type>
    </element>
  </differential>
</StructureDefinition>