<StructureDefinition xmlns="http://hl7.org/fhir">
  <id value="Extension-DataStandardsWales-UECDischargeInformationGiven" />
  <url value="https://fhir.nhs.wales/StructureDefinition/Extension-DataStandardsWales-UEC-DischargeInformationGiven" />
  <version value="0.0.1" />
  <name value="ExtensionDataStandardsWalesUECDischargeInformationGiven" />
  <title value="Extension Data Standards Wales UEC Discharge Information Given" />
  <status value="draft" />
  <experimental value="true" />
  <date value="2025-09-24" />
  <publisher value="NHS Wales" />
  <contact>
    <name value="FHIR Standards" />
    <telecom>
      <system value="email" />
      <value value="fhir.standards@wales.nhs.uk" />
      <use value="work" />
      <rank value="1" />
    </telecom>
  </contact>
  <description value="An extension to carry information given at the point of UEC Discharge" />
  <purpose value="An extension to carry information given at the point of UEC Discharge" />
  <copyright value="2025 NHS Wales" />
  <fhirVersion value="4.0.1" />
  <kind value="complex-type" />
  <abstract value="false" />
  <context>
    <type value="element" />
    <expression value="Encounter" />
  </context>
  <type value="Extension" />
  <baseDefinition value="http://hl7.org/fhir/StructureDefinition/Extension" />
  <derivation value="constraint" />
  <differential>
    <element id="Extension">
      <path value="Extension" />
      <short value="UEC Discharge Information Given" />
      <definition value="Details of the information at the point of UEC Discharge, and whether this has been given to the patient." />
      <mustSupport value="true" />
    </element>
    <element id="Extension.extension:givenToPatient">
      <path value="Extension.extension" />
      <sliceName value="givenToPatient" />
      <short value="UEC Discharge Information Given to Patient" />
      <definition value="A true or false statement regarding whether the information provided at discharge from UEC was given to the patient or not." />
      <max value="1" />
    </element>
    <element id="Extension.extension:givenToPatient.url">
      <path value="Extension.extension.url" />
      <fixedUri value="givenToPatient" />
    </element>
    <element id="Extension.extension:givenToPatient.value[x]">
      <path value="Extension.extension.value[x]" />
      <type>
        <code value="boolean" />
      </type>
    </element>
    <element id="Extension.extension:dischargeInformation">
      <path value="Extension.extension" />
      <sliceName value="dischargeInformation" />
      <short value="UEC Discharge Information" />
      <definition value="A reference to the information provided at discharge from UEC." />
    </element>
    <element id="Extension.extension:dischargeInformation.url">
      <path value="Extension.extension.url" />
      <fixedUri value="dischargeInformation" />
    </element>
    <element id="Extension.extension:dischargeInformation.value[x]">
      <path value="Extension.extension.value[x]" />
      <type>
        <code value="Reference" />
        <targetProfile value="https://fhir.nhs.wales/StructureDefinition/Profile-DataStandardsWales-DocumentReference" />
      </type>
    </element>
    <element id="Extension.url">
      <path value="Extension.url" />
      <fixedUri value="https://fhir.nhs.wales/StructureDefinition/Extension-DataStandardsWales-UEC-DischargeInformationGiven" />
    </element>
    <element id="Extension.value[x]">
      <path value="Extension.value[x]" />
      <max value="0" />
      <type>
        <code value="Reference" />
        <targetProfile value="https://fhir.nhs.wales/StructureDefinition/DataStandardsWales-DocumentReference" />
      </type>
    </element>
  </differential>
</StructureDefinition>