<StructureDefinition xmlns="http://hl7.org/fhir">
  <id value="Extension-DataStandardsWales-RecordingSetting" />
  <url value="https://fhir.nhs.wales/StructureDefinition/Extension-DataStandardsWales-RecordingSetting" />
  <version value="1.0.0" />
  <name value="ExtensionDataStandardsWalesRecordingSetting" />
  <title value="Extension Data Standards Wales Recording Setting" />
  <status value="active" />
  <date value="2025-01-01" />
  <publisher value="NHS Wales" />
  <contact>
    <name value="NHS Wales" />
    <telecom>
      <system value="email" />
      <value value="fhir.standards@wales.nhs.uk" />
      <use value="work" />
      <rank value="1" />
    </telecom>
  </contact>
  <description value="Resource structure is based on UKCore-Extension-RecordingSetting v1.1.0 which is not yet included in a balloted release. Added manually to prevent structure deviation and to support NHS Wales projects. Once available, the resource will be updated and derived from UK Core. An extension to record the care setting in which an observation was taken." />
  <purpose value="This extension is a clinical observation use case to record the care setting in which an observation was recorded in." />
  <copyright value="2025 NHS Wales" />
  <fhirVersion value="4.0.1" />
  <kind value="complex-type" />
  <abstract value="false" />
  <context>
    <type value="element" />
    <expression value="Observation" />
  </context>
  <type value="Extension" />
  <baseDefinition value="http://hl7.org/fhir/StructureDefinition/Extension" />
  <derivation value="constraint" />
  <differential>
    <element id="Extension">
      <path value="Extension" />
      <short value="An extension to record the care setting in which an observation was taken." />
      <definition value="This extension allows the recording of the care setting in which an observation was taken." />
    </element>
    <element id="Extension.url">
      <path value="Extension.url" />
      <fixedUri value="https://fhir.nhs.wales/StructureDefinition/Extension-DSW-RecordingSetting" />
    </element>
    <element id="Extension.value[x]">
      <path value="Extension.value[x]" />
      <short value="A set of codes to record the care setting" />
      <min value="1" />
      <type>
        <code value="CodeableConcept" />
      </type>
      <binding>
        <strength value="preferred" />
        <valueSet value="https://fhir.nhs.wales/ValueSet/DataStandardsWales-RecordingSetting" />
      </binding>
    </element>
  </differential>
</StructureDefinition>