<ServiceRequest xmlns="http://hl7.org/fhir">
  <id value="Example-DSW-ServiceRequest-PathologyOrder-FBCLFT" />
  <meta>
    <profile value="https://fhir.nhs.wales/StructureDefinition/DataStandardsWales-ServiceRequest" />
    <security>
      <system value="http://terminology.hl7.org/CodeSystem/v3-Confidentiality" />
      <code value="N" />
      <display value="Normal" />
    </security>
  </meta>
  <text>
    <status value="generated" />
    <div xmlns="http://www.w3.org/1999/xhtml">Full blood count, Liver function test</div>
  </text>
  <identifier>
    <system value="https://fhir.nhs.wales/Id/lims-procedure-code" />
    <value value="FBC, LFT" />
  </identifier>
  <requisition>
    <system value="https://fhir.nhs.wales/Id/wrrs-request-identifier" />
    <value value="111046774" />
  </requisition>
  <status value="completed" />
  <intent value="order" />
  <category>
    <coding>
      <system value="http://hl7.org/fhir/ValueSet/servicerequest-category" />
      <code value="108252007" />
      <display value="Laboratory procedure" />
    </coding>
    <text value="Laboratory procedure" />
  </category>
  <priority value="routine" />
  <code>
    <coding>
      <system value="http://snomed.info/sct" />
      <code value="721966001" />
      <display value="Pathology order" />
    </coding>
    <text value="Pathology order" />
  </code>
  <subject>
    <reference value="Patient/Example-DataStandardsWales-Patient-AliceJones" />
    <display value="JONES, Alice (NHS: 9912003444)" />
  </subject>
  <authoredOn value="2022-05-09T11:27:42.037+00:00" />
  <requester>
    <reference value="Practitioner/Example-DataStandardsWales-Practitioner-Consultant" />
    <display value="..." />
  </requester>
  <specimen>
    <reference value="Specimen/Example-DataStandardsWales-Specimen-Blood" />
    <display value="Blood" />
  </specimen>
  <specimen>
    <reference value="Specimen/Example-DataStandardsWales-Specimen-Serum" />
    <display value="Serum" />
  </specimen>
  <note>
    <text value="Detail A,B,C" />
  </note>
</ServiceRequest>