<DiagnosticReport 
  xmlns="http://hl7.org/fhir">
  <id value="Example-DataStandardsWales-DiagnosticReport-LiverFunctionTest" />
  <meta>
    <versionId value="3" />
    <profile value="https://fhir.nhs.wales/StructureDefinition/DataStandardsWales-DiagnosticReport-Lab" />
    <security>
      <system value="http://terminology.hl7.org/CodeSystem/v3-Confidentiality" />
      <code value="N" />
      <display value="Normal" />
    </security>
  </meta>
  <text>
    <status value="additional" />
    <div xmlns="http://www.w3.org/1999/xhtml">Liver function test[A],ACE[A]</div>
  </text>
  <identifier>
    <system value="https://fhir.nhs.wales/Id/wrrs-report-identifier" />
    <value value="1000222" />
  </identifier>
  <basedOn>
    <reference value="ServiceRequest/Example-DataStandardsWales-ServiceRequest-PathologyOrder-LFT_ACE" />
    <display value="ACE, Liver function test" />
  </basedOn>
  <status value="final" />
  <category>
    <coding>
      <system value="https://fhir.nhs.wales/Id/wrrs-provider-type-code" />
      <code value="P" />
      <display value="PATHOLOGY" />
    </coding> 
    <text value="Pathology" />
  </category>
  <code>
    <coding>
      <system value="https://fhir.nhs.wales/Id/wrrs-provider-type-code" />
      <code value="P" />
      <display value="PATHOLOGY" />
    </coding> 
    <text value="Pathology" />
  </code>
  <subject>
		<reference value="Patient/Example-DataStandardsWales-Patient-AliceJones" />
		<display value="JONES, Alice (NHS: 9912003444)" />
  </subject>
  <issued value="2021-10-20T07:35:04+00:00" />
  <performer>
    <reference value="Organization/Example-DataStandardsWales-Organization-BloodSciences" />
    <identifier>
      <system value="https://fhir.nhs.wales/Id/wrrs-provider-department-identifier" />
      <value value="BSC" />
    </identifier>
    <display value="Blood Sciences" />
  </performer>
  <performer>
    <reference value="Organization/Example-DataStandardsWales-Organization-YsbytyGlangwili" />
    <identifier>
      <system value="https://fhir.nhs.uk/Id/ods-organization-code" />
      <value value="7A2AG" />
    </identifier>
    <display value="Ysbyty Glangwili" />
  </performer>
  <resultsInterpreter>
    <reference value="Organization/Example-DataStandardsWales-Organization-HywelDda" />
    <display value="Hywel Dda" />
  </resultsInterpreter>
  <specimen>
    <reference value="Specimen/Example-DataStandardsWales-Specimen-Blood" />
  </specimen>
  <result>
    <reference value="Observation/Example-DataStandardsWales-ObservationGroup-ACE" />
    <display value="ACE" />
  </result>
  <result>
    <reference value="Observation/Example-DataStandardsWales-ObservationGroup-LFT" />
    <display value="Liver function test" />
  </result>
</DiagnosticReport>