<Specimen xmlns="http://hl7.org/fhir">
  <id value="Example-DataStandardsWales-Specimen-Urine-Additive" />
  <meta>
    <profile value="https://fhir.nhs.wales/StructureDefinition/DataStandardsWales-Specimen" />
  </meta>
  <text>
    <status value="generated" />
    <div xmlns="http://www.w3.org/1999/xhtml">Plasma</div>
  </text>
  <identifier>
    <system value="https://fhir.nhs.wales/Id/wrrs-episode-number" />
    <value value="5000152921" />
  </identifier>
  <type>
    <coding>
      <system value="https://fhir.nhs.wales/Id/wrrs-specimen-type-code" />
      <code value="Urine" />
      <display value="Urine" />
    </coding>
  </type>
  <subject>
    <reference value="Patient/Example-DataStandardsWales-Patient-AliceJones" />
    <display value="JONES, Alice (NHS: 9912003444)" />
  </subject>
  <request>
    <reference value="ServiceRequest/Example-DataStandardsWales-Specimen-Urine-GreenTop" />
  </request>
  <collection>
    <collectedDateTime value="2021-11-10T09:47:00+00:00" />
  </collection>
  <container>
    <description value="Green Top" />
    <additiveCodeableConcept>
      <coding>
        <system value="https://fhir.nhs.wales/Id/wrrs-specimen-container-additive" />
        <code value="Lithium Heparin" />
      </coding>
    </additiveCodeableConcept>
  </container>
</Specimen>