<DiagnosticReport 
  xmlns="http://hl7.org/fhir">
  <id value="Example-DataStandardsWales-DiagnosticReport-CTAbdomen" />
  <meta>
    <versionId value="3" />
    <profile value="https://fhir.nhs.wales/StructureDefinition/DataStandardsWales-DiagnosticReport" />
    <security>
      <system value="http://terminology.hl7.org/CodeSystem/v3-Confidentiality" />
      <code value="N" />
      <display value="Normal" />
    </security>
  </meta>
  <text>
    <status value="additional" />
    <div xmlns="http://www.w3.org/1999/xhtml">CT Abdomen[A]  [Reported, signed by radiology]</div>
  </text>
  <identifier>
    <system value="https://fhir.nhs.wales/Id/wrrs-report-identifier" />
    <value value="1000136" />
  </identifier>
  <basedOn>
    <reference value="ServiceRequest/Example-DataStandardsWales-ServiceRequest-CTAbdomen" />
    <display value="CT Abdomen" />
  </basedOn>
  <status value="final" />
  <category>
		<coding>
			<system value="https://fhir.nhs.wales/Id/wrrs-provider-type-code" />
			<code value="R" />
			<display value="RADIOLOGY"/> 
		</coding>	
    <text value="Radiology" />	
	</category>
  <code>
		<coding>
			<system value="https://fhir.nhs.wales/Id/wrrs-provider-system-code" />
			<code value="CABDO" />
			<display value="CT Abdomen" />
		</coding>
    <text value="CT Abdomen" />
  </code>
  <subject>
		<reference value="Patient/Example-DataStandardsWales-Patient-AliceJones" />
		<display value="JONES, Alice (NHS: 9912003444)" />
  </subject>
  <issued value="2021-05-19T11:25:38+00:00" />
  <performer>
    <reference value="Organization/Example-DataStandardsWales-Organization-Radiology" />
    <identifier>
      <system value="https://fhir.nhs.wales/Id/wrrs-provider-department-identifier" />
      <value value="RAD" />
    </identifier>
    <display value="Radiology" />
  </performer>
  <resultsInterpreter>
    <reference value="Organization/Example-DataStandardsWales-Organization-HywelDda" />
    <display value="Hywel Dda Local Health Board" />
  </resultsInterpreter>
	<imagingStudy> 
		<reference value="ImagingStudy/Example-DataStandardsWales-ImagingStudy-CTAbdomen" />
		<display value="CT Abdomen[A]  [Reported, signed by radiology]; JONES, Alice (NHS: 9912003444); Accession: HDD633125; Performed: 19 05 2021" />
	</imagingStudy> 
</DiagnosticReport>
