{
  "resourceType": "Bundle",
  "id": "853b5803-efde-4f25-ad4e-9d8ec1408f8c",
  "identifier": {
    "system": "https://tools.ietf.org/html/rfc4122",
    "value": "64859fc0-fe68-4749-8ca7-6514779575960"
  },
  "type": "message",
  "entry": [
    {
      "fullUrl": "urn:uuid:a82dc6b9-d27d-462c-8afd-20d39186d8a4",
      "resource": {
        "resourceType": "MessageHeader",
        "eventCoding": {
          "system": "https://fhir.nhs.uk/CodeSystem/message-event",
          "code": "prescription-order",
          "display": "Prescription Order"
        },
        "sender": {
          "reference": "urn:uuid:56166769-c1c4-4d07-afa8-132b5dfca666",
          "display": "RAZIA|ALI"
        },
        "source": {
          "name": "RX1",
          "endpoint": "https://directory.spineservices.nhs.uk/STU3/Organization/RX1"
        },
        "focus": [
          {
            "reference": "urn:uuid:78d3c2eb-009e-4ec8-a358-b042954aa9b2"
          },
          {
            "reference": "urn:uuid:a54219b8-f741-4c47-b662-e4f8dfa49ab6"
          }
        ]
      }
    },
    {
      "fullUrl": "urn:uuid:78d3c2eb-009e-4ec8-a358-b042954aa9b2",
      "resource": {
        "resourceType": "Patient",
        "identifier": [
          {
            "system": "https://fhir.nhs.uk/Id/nhs-number",
            "value": "9876543210"
          }
        ],
        "name": [
          {
            "use": "usual",
            "family": "KANFELD",
            "given": [
              "RACHEL"
            ],
            "prefix": [
              "MISS"
            ]
          }
        ],
        "gender": "female",
        "birthDate": "1998-03-16",
        "address": [
          {
            "use": "home",
            "line": [
              "123 Dale Avenue",
              "Long Eaton",
              "Nottingham"
            ],
            "postalCode": "NG10 1NP"
          }
        ],
        "generalPractitioner": [
          {
            "identifier": {
              "system": "https://fhir.nhs.uk/Id/ods-organization-code",
              "value": "C81010"
            }
          }
        ]
      }
    },
    {
      "fullUrl": "urn:uuid:56166769-c1c4-4d07-afa8-132b5dfca666",
      "resource": {
        "resourceType": "PractitionerRole",
        "identifier": [
          {
            "system": "https://fhir.nhs.uk/Id/sds-role-profile-id",
            "value": "100103338986"
          },
          {
            "system": "https://fhir.hl7.org.uk/Id/nhsbsa-spurious-code",
            "value": "G7345213"
          }
        ],
        "practitioner": {
          "identifier": {
            "system": "https://fhir.hl7.org.uk/Id/gmc-number",
            "value": "C1234567"
          },
          "display": "DR MARTIJN VONK"
        },
        "organization": {
          "identifier": {
            "system": "https://fhir.nhs.uk/Id/ods-organization-code",
            "value": "RX1"
          },
          "display": "NOTTINGHAM UNIVERSITY HOSPITALS NHS TRUST"
        },
        "code": [
          {
            "coding": [
              {
                "system": "https://fhir.hl7.org.uk/CodeSystem/UKCore-SDSJobRoleName",
                "code": "R8000"
              }
            ]
          }
        ],
        "location": [
          {
            "reference": "urn:uuid:044e7916-c697-4072-880e-ef44d3032962",
            "display": "NOTTINGHAM CITY HOSPITAL"
          }
        ],
        "healthcareService": [
          {
            "identifier": {
              "use": "official",
              "system": "https://fhir.nhs.uk/Id/ods-organization-code",
              "value": "RX1CC"
            },
            "display": "NOTTINGHAM UNIVERSITY HOSPITALS NHS TRUST - CITY CAMPUS"
          }
        ],
        "telecom": [
          {
            "system": "phone",
            "value": "01151234567",
            "use": "work"
          }
        ]
      }
    },
    {
      "fullUrl": "urn:uuid:a54219b8-f741-4c47-b662-e4f8dfa49ab6",
      "resource": {
        "resourceType": "MedicationRequest",
        "extension": [
          {
            "url": "https://fhir.nhs.uk/StructureDefinition/Extension-DM-PrescriptionType",
            "valueCoding": {
              "system": "https://fhir.nhs.uk/CodeSystem/prescription-type",
              "code": "1001",
              "display": "Outpatient Community Prescriber - Medical Prescriber"
            }
          }
        ],
        "identifier": [
          {
            "system": "https://fhir.nhs.uk/Id/prescription-order-item-number",
            "value": "a54219b8-f741-4c47-b662-e4f8dfa49ab6"
          }
        ],
        "status": "active",
        "intent": "order",
        "category": [
          {
            "coding": [
              {
                "system": "http://terminology.hl7.org/CodeSystem/medicationrequest-category",
                "code": "outpatient",
                "display": "Outpatient"
              }
            ]
          }
        ],
        "medicationCodeableConcept": {
          "coding": [
            {
              "system": "http://snomed.info/sct",
              "code": "407803003",
              "display": "Travoprost 40micrograms/ml eye drops"
            }
          ]
        },
        "subject": {
          "reference": "urn:uuid:78d3c2eb-009e-4ec8-a358-b042954aa9b2"
        },
        "authoredOn": "2021-10-13T12:00:00+00:00",
        "requester": {
          "reference": "urn:uuid:56166769-c1c4-4d07-afa8-132b5dfca666"
        },
        "groupIdentifier": {
          "extension": [
            {
              "url": "https://fhir.nhs.uk/StructureDefinition/Extension-DM-PrescriptionId",
              "valueIdentifier": {
                "system": "https://fhir.nhs.uk/Id/prescription",
                "value": "087c58da-10c9-4ebb-81a6-b5868723897d"
              }
            }
          ],
          "system": "https://fhir.nhs.uk/Id/prescription-order-number",
          "value": "A3D861-A1B2C3-00BB23"
        },
        "courseOfTherapyType": {
          "coding": [
            {
              "system": "http://terminology.hl7.org/CodeSystem/medicationrequest-course-of-therapy",
              "code": "acute",
              "display": "Short course (acute) therapy"
            }
          ]
        },
        "dosageInstruction": [
          {
            "text": "put one drop into RIGHT eye ONE a day as directed",
            "timing": {
              "repeat": {
                "boundsDuration": {
                  "value": 28,
                  "unit": "day",
                  "system": "http://unitsofmeasure.org",
                  "code": "d"
                },
                "frequency": 1,
                "period": 1,
                "periodUnit": "d"
              }
            },
            "site": {
              "coding": [
                {
                  "system": "http://snomed.info/sct",
                  "code": "18944008",
                  "display": "Right eye"
                }
              ]
            },
            "method": {
              "coding": [
                {
                  "system": "http://snomed.info/sct",
                  "code": "417924000",
                  "display": "Apply"
                }
              ]
            }
          }
        ],
        "dispenseRequest": {
          "extension": [
            {
              "url": "https://fhir.nhs.uk/StructureDefinition/Extension-DM-PerformerSiteType",
              "valueCoding": {
                "system": "https://fhir.nhs.uk/CodeSystem/dispensing-site-preference",
                "code": "P1"
              }
            }
          ],
          "quantity": {
            "value": 28,
            "unit": "drops",
            "system": "http://unitsofmeasure.org",
            "code": "[drp]"
          },
          "performer": {
            "identifier": {
              "system": "https://fhir.nhs.uk/Id/ods-organization-code",
              "value": "FX748"
            }
          }
        },
        "substitution": {
          "allowedBoolean": false
        }
      }
    },
    {
      "fullUrl": "urn:uuid:044e7916-c697-4072-880e-ef44d3032962",
      "resource": {
        "resourceType": "Location",
        "identifier": [
          {
            "use": "official",
            "system": "https://fhir.nhs.uk/Id/ods-organization-code",
            "value": "RX1CC"
          }
        ],
        "status": "active",
        "mode": "instance",
        "address": {
          "use": "work",
          "line": [
            "HUCKNALL ROAD"
          ],
          "city": "NOTTINGHAM",
          "postalCode": "NG5 1PB"
        }
      }
    }
  ]
}