{
  "resourceType": "Bundle",
  "id": "outpatient-4",
  "identifier": {
    "system": "https://tools.ietf.org/html/rfc4122",
    "value": "46aedf33-61cd-43e8-b7ee-da42d20bdd75"
  },
  "type": "message",
  "entry": [
    {
      "fullUrl": "urn:uuid:3599c0e9-9292-413e-9270-9a1ef1ead99c",
      "resource": {
        "resourceType": "MessageHeader",
        "eventCoding": {
          "system": "https://fhir.nhs.uk/CodeSystem/message-event",
          "code": "prescription-order",
          "display": "Prescription Order"
        },
        "source": {
          "endpoint": "https://directory.spineservices.nhs.uk/STU3/Organization/RBA"
        },
        "focus": [
          {
            "reference": "urn:uuid:a7b86f8d-1d77-fc28-e050-d20ae3a215f3"
          },
          {
            "reference": "urn:uuid:a7b86f8d-1d72-fc28-e050-d20ae3a215f2"
          },
          {
            "reference": "urn:uuid:a7b86f8d-1d6d-fc28-e050-d20ae3a215f1"
          },
          {
            "reference": "urn:uuid:a7b86f8d-1d7c-fc28-e050-d20ae3a215f4"
          },
          {
            "reference": "urn:uuid:51793ac0-112f-46c7-a891-9af8cefb206e"
          }
        ]
      }
    },
    {
      "fullUrl": "urn:uuid:848d8470-bd51-494e-9347-8142ea75cb23",
      "resource": {
        "resourceType": "Patient",
        "identifier": [
          {
            "system": "https://fhir.nhs.uk/Id/nhs-number",
            "value": "9453740519"
          }
        ],
        "name": [
          {
            "use": "official",
            "family": "CORY",
            "given": [
              "ETTA"
            ],
            "prefix": [
              "MISS"
            ]
          }
        ],
        "gender": "female",
        "birthDate": "1999-01-04",
        "address": [
          {
            "use": "home",
            "postalCode": "DE21 4QH"
          }
        ],
        "generalPractitioner": [
          {
            "identifier": {
              "system": "https://fhir.nhs.uk/Id/ods-organization-code",
              "value": "B81001"
            }
          }
        ]
      }
    },
    {
      "fullUrl": "urn:uuid:56166769-c1c4-4d07-afa8-132b5dfca645",
      "resource": {
        "resourceType": "PractitionerRole",
        "identifier": [
          {
            "system": "https://fhir.nhs.uk/Id/sds-role-profile-id",
            "value": "100102238986"
          },
          {
            "system": "https://fhir.hl7.org.uk/Id/nhsbsa-spurious-code",
            "value": "G7345213"
          }
        ],
        "practitioner": {
          "reference": "urn:uuid:a8c85454-f8cb-498d-9629-78e2cb5fa47a"
        },
        "organization": {
          "reference": "urn:uuid:3b4b03a5-52ba-4ba6-9b82-70350aa109d8"
        },
        "healthcareService": [
          {
            "reference": "urn:uuid:54b0506d-49af-4245-9d40-d7d64902055e"
          }
        ],
        "specialty": [
          {
            "coding": [
              {
                "system": "https://fhir.hl7.org.uk/CodeSystem/UKCore-PracticeSettingCode",
                "code": "100",
                "display": "GENERAL MEDICINE"
              }
            ]
          }
        ],
        "code": [
          {
            "coding": [
              {
                "system": "https://fhir.hl7.org.uk/CodeSystem/UKCore-SDSJobRoleName",
                "code": "R8000"
              }
            ]
          }
        ],
        "location": [
          {
            "reference": "urn:uuid:044e7916-c697-4072-880e-ef44d3032962",
            "display": "MUSGROVE PARK HOSPITAL"
          }
        ],
        "telecom": [
          {
            "system": "phone",
            "value": "01234567890",
            "use": "work"
          }
        ]
      }
    },
    {
      "fullUrl": "urn:uuid:a7b86f8d-1d6d-fc28-e050-d20ae3a215f1",
      "resource": {
        "resourceType": "MedicationRequest",
        "extension": [
          {
            "url": "https://fhir.nhs.uk/StructureDefinition/Extension-DM-PrescriptionType",
            "valueCoding": {
              "system": "https://fhir.nhs.uk/CodeSystem/prescription-type",
              "code": "1001",
              "display": "Outpatient Community Prescriber - Medical Prescriber"
            }
          }
        ],
        "identifier": [
          {
            "system": "https://fhir.nhs.uk/Id/prescription-order-item-number",
            "value": "A7B86F8D-1D6D-FC28-E050-D20AE3A215F0"
          }
        ],
        "status": "active",
        "intent": "order",
        "category": [
          {
            "coding": [
              {
                "system": "http://terminology.hl7.org/CodeSystem/medicationrequest-category",
                "code": "outpatient",
                "display": "Outpatient"
              }
            ]
          }
        ],
        "medicationCodeableConcept": {
          "coding": [
            {
              "system": "http://snomed.info/sct",
              "code": "321196004",
              "display": "Diazepam 2mg tablets"
            }
          ]
        },
        "subject": {
          "reference": "urn:uuid:848d8470-bd51-494e-9347-8142ea75cb23"
        },
        "authoredOn": "2019-12-30T12:00:00+00:00",
        "requester": {
          "reference": "urn:uuid:56166769-c1c4-4d07-afa8-132b5dfca645"
        },
        "groupIdentifier": {
          "extension": [
            {
              "url": "https://fhir.nhs.uk/StructureDefinition/Extension-DM-PrescriptionId",
              "valueIdentifier": {
                "system": "https://fhir.nhs.uk/Id/prescription",
                "value": "A7B86F8D-1CF8-FC28-E050-D20AE3A215F0"
              }
            }
          ],
          "system": "https://fhir.nhs.uk/Id/prescription-order-number",
          "value": "3C2366-B81001-0A409U"
        },
        "courseOfTherapyType": {
          "coding": [
            {
              "system": "http://terminology.hl7.org/CodeSystem/medicationrequest-course-of-therapy",
              "code": "acute",
              "display": "Short course (acute) therapy"
            }
          ]
        },
        "dosageInstruction": [
          {
            "text": "1 tablet, at NIGHT",
            "timing": {
              "repeat": {
                "when": [
                  "NIGHT"
                ]
              }
            },
            "doseAndRate": [
              {
                "doseQuantity": {
                  "value": 1,
                  "unit": "tablet",
                  "system": "http://snomed.info/sct",
                  "code": "428673006"
                }
              }
            ]
          }
        ],
        "dispenseRequest": {
          "extension": [
            {
              "url": "https://fhir.nhs.uk/StructureDefinition/Extension-DM-PerformerSiteType",
              "valueCoding": {
                "system": "https://fhir.nhs.uk/CodeSystem/dispensing-site-preference",
                "code": "0004"
              }
            }
          ],
          "quantity": {
            "value": 28,
            "unit": "tablet",
            "system": "http://snomed.info/sct",
            "code": "428673006"
          },
          "performer": {
            "identifier": {
              "system": "https://fhir.nhs.uk/Id/ods-organization-code",
              "value": "FX748"
            }
          }
        },
        "substitution": {
          "allowedBoolean": false
        }
      }
    },
    {
      "fullUrl": "urn:uuid:a7b86f8d-1d72-fc28-e050-d20ae3a215f2",
      "resource": {
        "resourceType": "MedicationRequest",
        "extension": [
          {
            "url": "https://fhir.nhs.uk/StructureDefinition/Extension-DM-PrescriptionType",
            "valueCoding": {
              "system": "https://fhir.nhs.uk/CodeSystem/prescription-type",
              "code": "1001",
              "display": "Outpatient Community Prescriber - Medical Prescriber"
            }
          }
        ],
        "identifier": [
          {
            "system": "https://fhir.nhs.uk/Id/prescription-order-item-number",
            "value": "A7B86F8D-1D72-FC28-E050-D20AE3A215F0"
          }
        ],
        "status": "active",
        "intent": "order",
        "category": [
          {
            "coding": [
              {
                "system": "http://terminology.hl7.org/CodeSystem/medicationrequest-category",
                "code": "outpatient",
                "display": "Outpatient"
              }
            ]
          }
        ],
        "medicationCodeableConcept": {
          "coding": [
            {
              "system": "http://snomed.info/sct",
              "code": "322236009",
              "display": "Paracetamol 500mg tablets"
            }
          ]
        },
        "subject": {
          "reference": "urn:uuid:848d8470-bd51-494e-9347-8142ea75cb23"
        },
        "authoredOn": "2019-12-30T12:00:00+00:00",
        "requester": {
          "reference": "urn:uuid:56166769-c1c4-4d07-afa8-132b5dfca645"
        },
        "groupIdentifier": {
          "extension": [
            {
              "url": "https://fhir.nhs.uk/StructureDefinition/Extension-DM-PrescriptionId",
              "valueIdentifier": {
                "system": "https://fhir.nhs.uk/Id/prescription",
                "value": "A7B86F8D-1CF8-FC28-E050-D20AE3A215F0"
              }
            }
          ],
          "system": "https://fhir.nhs.uk/Id/prescription-order-number",
          "value": "3C2366-B81001-0A409U"
        },
        "courseOfTherapyType": {
          "coding": [
            {
              "system": "http://terminology.hl7.org/CodeSystem/medicationrequest-course-of-therapy",
              "code": "acute",
              "display": "Short course (acute) therapy"
            }
          ]
        },
        "dosageInstruction": [
          {
            "text": "as required",
            "asNeededBoolean": true
          }
        ],
        "dispenseRequest": {
          "extension": [
            {
              "url": "https://fhir.nhs.uk/StructureDefinition/Extension-DM-PerformerSiteType",
              "valueCoding": {
                "system": "https://fhir.nhs.uk/CodeSystem/dispensing-site-preference",
                "code": "0004"
              }
            }
          ],
          "quantity": {
            "value": 100,
            "unit": "tablet",
            "system": "http://snomed.info/sct",
            "code": "428673006"
          },
          "performer": {
            "identifier": {
              "system": "https://fhir.nhs.uk/Id/ods-organization-code",
              "value": "FX748"
            }
          }
        },
        "substitution": {
          "allowedBoolean": false
        }
      }
    },
    {
      "fullUrl": "urn:uuid:a7b86f8d-1d77-fc28-e050-d20ae3a215f3",
      "resource": {
        "resourceType": "MedicationRequest",
        "extension": [
          {
            "url": "https://fhir.nhs.uk/StructureDefinition/Extension-DM-PrescriptionType",
            "valueCoding": {
              "system": "https://fhir.nhs.uk/CodeSystem/prescription-type",
              "code": "1001",
              "display": "Outpatient Community Prescriber - Medical Prescriber"
            }
          }
        ],
        "identifier": [
          {
            "system": "https://fhir.nhs.uk/Id/prescription-order-item-number",
            "value": "A7B86F8D-1D77-FC28-E050-D20AE3A215F0"
          }
        ],
        "status": "active",
        "intent": "order",
        "category": [
          {
            "coding": [
              {
                "system": "http://terminology.hl7.org/CodeSystem/medicationrequest-category",
                "code": "outpatient",
                "display": "Outpatient"
              }
            ]
          }
        ],
        "medicationCodeableConcept": {
          "coding": [
            {
              "system": "http://snomed.info/sct",
              "code": "321152004",
              "display": "Temazepam 10mg tablets"
            }
          ]
        },
        "subject": {
          "reference": "urn:uuid:848d8470-bd51-494e-9347-8142ea75cb23"
        },
        "authoredOn": "2019-12-30T12:00:00+00:00",
        "requester": {
          "reference": "urn:uuid:56166769-c1c4-4d07-afa8-132b5dfca645"
        },
        "groupIdentifier": {
          "extension": [
            {
              "url": "https://fhir.nhs.uk/StructureDefinition/Extension-DM-PrescriptionId",
              "valueIdentifier": {
                "system": "https://fhir.nhs.uk/Id/prescription",
                "value": "A7B86F8D-1CF8-FC28-E050-D20AE3A215F0"
              }
            }
          ],
          "system": "https://fhir.nhs.uk/Id/prescription-order-number",
          "value": "3C2366-B81001-0A409U"
        },
        "courseOfTherapyType": {
          "coding": [
            {
              "system": "http://terminology.hl7.org/CodeSystem/medicationrequest-course-of-therapy",
              "code": "acute",
              "display": "Short course (acute) therapy"
            }
          ]
        },
        "dosageInstruction": [
          {
            "text": "1 tablet, at NIGHT",
            "timing": {
              "repeat": {
                "when": [
                  "NIGHT"
                ]
              }
            },
            "doseAndRate": [
              {
                "doseQuantity": {
                  "value": 1,
                  "unit": "tablet",
                  "system": "http://snomed.info/sct",
                  "code": "428673006"
                }
              }
            ]
          }
        ],
        "dispenseRequest": {
          "extension": [
            {
              "url": "https://fhir.nhs.uk/StructureDefinition/Extension-DM-PerformerSiteType",
              "valueCoding": {
                "system": "https://fhir.nhs.uk/CodeSystem/dispensing-site-preference",
                "code": "0004"
              }
            }
          ],
          "quantity": {
            "value": 14,
            "unit": "tablet",
            "system": "http://snomed.info/sct",
            "code": "428673006"
          },
          "performer": {
            "identifier": {
              "system": "https://fhir.nhs.uk/Id/ods-organization-code",
              "value": "FX748"
            }
          }
        },
        "substitution": {
          "allowedBoolean": false
        }
      }
    },
    {
      "fullUrl": "urn:uuid:a7b86f8d-1d7c-fc28-e050-d20ae3a215f4",
      "resource": {
        "resourceType": "MedicationRequest",
        "extension": [
          {
            "url": "https://fhir.nhs.uk/StructureDefinition/Extension-DM-PrescriptionType",
            "valueCoding": {
              "system": "https://fhir.nhs.uk/CodeSystem/prescription-type",
              "code": "1001",
              "display": "Outpatient Community Prescriber - Medical Prescriber"
            }
          },
          {
            "extension": [
              {
                "url": "quantityWords",
                "valueString": "twenty eight"
              },
              {
                "url": "schedule",
                "valueCoding": {
                  "system": "https://fhir.nhs.uk/CodeSystem/medicationrequest-controlled-drug",
                  "code": "CD2",
                  "display": "Schedule 2"
                }
              }
            ],
            "url": "https://fhir.nhs.uk/StructureDefinition/Extension-DM-ControlledDrug"
          }
        ],
        "identifier": [
          {
            "system": "https://fhir.nhs.uk/Id/prescription-order-item-number",
            "value": "A7B86F8D-1D7C-FC28-E050-D20AE3A215F0"
          }
        ],
        "status": "active",
        "intent": "order",
        "category": [
          {
            "coding": [
              {
                "system": "http://terminology.hl7.org/CodeSystem/medicationrequest-category",
                "code": "outpatient",
                "display": "Outpatient"
              }
            ]
          }
        ],
        "medicationCodeableConcept": {
          "coding": [
            {
              "system": "http://snomed.info/sct",
              "code": "36126511000001106",
              "display": "Morphine 10mg modified-release tablets"
            }
          ]
        },
        "subject": {
          "reference": "urn:uuid:848d8470-bd51-494e-9347-8142ea75cb23"
        },
        "authoredOn": "2019-12-30T12:00:00+00:00",
        "requester": {
          "reference": "urn:uuid:56166769-c1c4-4d07-afa8-132b5dfca645"
        },
        "groupIdentifier": {
          "extension": [
            {
              "url": "https://fhir.nhs.uk/StructureDefinition/Extension-DM-PrescriptionId",
              "valueIdentifier": {
                "system": "https://fhir.nhs.uk/Id/prescription",
                "value": "A7B86F8D-1CF8-FC28-E050-D20AE3A215F0"
              }
            }
          ],
          "system": "https://fhir.nhs.uk/Id/prescription-order-number",
          "value": "3C2366-B81001-0A409U"
        },
        "courseOfTherapyType": {
          "coding": [
            {
              "system": "http://terminology.hl7.org/CodeSystem/medicationrequest-course-of-therapy",
              "code": "acute",
              "display": "Short course (acute) therapy"
            }
          ]
        },
        "dosageInstruction": [
          {
            "text": "1 tablet, daily",
            "timing": {
              "repeat": {
                "period": 1,
                "periodUnit": "d"
              }
            },
            "doseAndRate": [
              {
                "doseQuantity": {
                  "value": 1,
                  "unit": "tablet",
                  "system": "http://snomed.info/sct",
                  "code": "428673006"
                }
              }
            ]
          }
        ],
        "dispenseRequest": {
          "extension": [
            {
              "url": "https://fhir.nhs.uk/StructureDefinition/Extension-DM-PerformerSiteType",
              "valueCoding": {
                "system": "https://fhir.nhs.uk/CodeSystem/dispensing-site-preference",
                "code": "0004"
              }
            }
          ],
          "quantity": {
            "value": 28,
            "unit": "tablet",
            "system": "http://snomed.info/sct",
            "code": "428673006"
          },
          "performer": {
            "identifier": {
              "system": "https://fhir.nhs.uk/Id/ods-organization-code",
              "value": "FX748"
            }
          }
        },
        "substitution": {
          "allowedBoolean": false
        }
      }
    },
    {
      "fullUrl": "urn:uuid:51793ac0-112f-46c7-a891-9af8cefb206e",
      "resource": {
        "resourceType": "CommunicationRequest",
        "status": "unknown",
        "subject": {
          "reference": "urn:uuid:848d8470-bd51-494e-9347-8142ea75cb23"
        },
        "payload": [
          {
            "contentString": "Please make an appointment to see your GP. Review date due"
          },
          {
            "contentReference": {
              "reference": "urn:uuid:d0f003a0-8763-43d5-a264-ce52a38901c9",
              "display": "List of Repeat Medications for re-ordering"
            }
          }
        ],
        "requester": {
          "type": "Organization",
          "identifier": {
            "system": "https://fhir.nhs.uk/Id/ods-organization-code",
            "value": "RBA"
          },
          "display": "TAUNTON AND SOMERSET NHS FOUNDATION TRUST"
        },
        "recipient": [
          {
            "type": "Patient",
            "identifier": {
              "system": "https://fhir.nhs.uk/Id/nhs-number",
              "value": "9453740519"
            }
          }
        ]
      }
    },
    {
      "fullUrl": "urn:uuid:d0f003a0-8763-43d5-a264-ce52a38901c9",
      "resource": {
        "resourceType": "List",
        "status": "current",
        "mode": "snapshot",
        "subject": {
          "reference": "urn:uuid:848d8470-bd51-494e-9347-8142ea75cb23"
        },
        "entry": [
          {
            "item": {
              "display": "Bendroflumethiazide 2.5 mg Tablets (3/6)"
            }
          },
          {
            "item": {
              "display": "Salbutamol 100micrograms/dose inhaler CFC free 200 dose (2/6)"
            }
          }
        ]
      }
    },
    {
      "fullUrl": "urn:uuid:044e7916-c697-4072-880e-ef44d3032962",
      "resource": {
        "resourceType": "Location",
        "identifier": [
          {
            "use": "official",
            "system": "https://fhir.nhs.uk/Id/ods-organization-code",
            "value": "RBA11"
          }
        ],
        "status": "active",
        "mode": "instance",
        "address": {
          "use": "work",
          "line": [
            "MUSGROVE PARK HOSPITAL"
          ],
          "city": "TAUNTON",
          "postalCode": "TA1 5DA",
          "country": "NLD"
        }
      }
    },
    {
      "fullUrl": "urn:uuid:a8c85454-f8cb-498d-9629-78e2cb5fa47a",
      "resource": {
        "resourceType": "Practitioner",
        "id": "a8c85454-f8cb-498d-9629-78e2cb5fa47a",
        "identifier": [
          {
            "system": "https://fhir.hl7.org.uk/Id/gmc-number",
            "value": "C1234567"
          }
        ],
        "name": [
          {
            "family": "ALI",
            "given": [
              "RAZIA"
            ],
            "prefix": [
              "DR"
            ]
          }
        ]
      }
    },
    {
      "fullUrl": "urn:uuid:3b4b03a5-52ba-4ba6-9b82-70350aa109d8",
      "resource": {
        "resourceType": "Organization",
        "id": "3b4b03a5-52ba-4ba6-9b82-70350aa109d8",
        "identifier": [
          {
            "system": "https://fhir.nhs.uk/Id/ods-organization-code",
            "value": "RBA"
          }
        ],
        "name": "TAUNTON AND SOMERSET NHS FOUNDATION TRUST",
        "address": [
          {
            "line": [
              "MUSGROVE PARK HOSPITAL",
              "PARKFIELD DRIVE",
              "TAUNTON"
            ],
            "postalCode": "TA1 5DA"
          }
        ],
        "telecom": [
          {
            "system": "phone",
            "value": "01823333444",
            "use": "work"
          }
        ]
      }
    },
    {
      "fullUrl": "urn:uuid:54b0506d-49af-4245-9d40-d7d64902055e",
      "resource": {
        "resourceType": "HealthcareService",
        "id": "54b0506d-49af-4245-9d40-d7d64902055e",
        "identifier": [
          {
            "use": "official",
            "system": "https://fhir.nhs.uk/Id/ods-organization-code",
            "value": "A99968"
          }
        ],
        "active": true,
        "location": [
          {
            "reference": "urn:uuid:044e7916-c697-4072-880e-ef44d3032962"
          }
        ],
        "name": "SOMERSET BOWEL CANCER SCREENING CENTRE",
        "telecom": [
          {
            "system": "phone",
            "value": "01823 333444",
            "use": "work"
          }
        ]
      }
    }
  ]
}