<?xml version="1.0" encoding="utf-8"?>
<StructureDefinition xmlns="http://hl7.org/fhir">
  <id value="DataStandardsWales-MedicationDispense" />
  <url value="https://fhir.nhs.wales/StructureDefinition/DataStandardsWales-MedicationDispense" />
  <version value="1.1.0" />
  <name value="DataStandardsWalesMedicationDispense" />
  <title value="Data Standards Wales Medication Dispense" />
  <status value="active" />
  <experimental value="false" />
  <date value="2023-11-10" />
  <publisher value="NHS Wales" />
  <copyright value="2023 NHS Wales." />
  <fhirVersion value="4.0.1" />
  <kind value="resource" />
  <abstract value="false" />
  <type value="MedicationDispense" />
  <baseDefinition value="https://fhir.hl7.org.uk/StructureDefinition/UKCore-MedicationDispense" />
  <derivation value="constraint" />
  <differential>
    <element id="MedicationDispense.identifier">
      <path value="MedicationDispense.identifier" />
      <max value="1" />
    </element>
    <element id="MedicationDispense.identifier.system">
      <path value="MedicationDispense.identifier.system" />
      <min value="1" />
    </element>
    <element id="MedicationDispense.identifier.value">
      <path value="MedicationDispense.identifier.value" />
      <min value="1" />
    </element>
    <element id="MedicationDispense.identifier.assigner">
      <path value="MedicationDispense.identifier.assigner" />
      <type>
        <code value="Reference" />
        <targetProfile value="https://fhir.nhs.wales/StructureDefinition/DataStandardsWales-Organization" />
      </type>
    </element>
    <element id="MedicationDispense.partOf">
      <path value="MedicationDispense.partOf" />
      <type>
        <code value="Reference" />
        <targetProfile value="https://fhir.hl7.org.uk/StructureDefinition/UKCore-Procedure" />
      </type>
    </element>
    <element id="MedicationDispense.partOf.identifier.assigner">
      <path value="MedicationDispense.partOf.identifier.assigner" />
      <type>
        <code value="Reference" />
        <targetProfile value="https://fhir.nhs.wales/StructureDefinition/DataStandardsWales-Organization" />
      </type>
    </element>
    <element id="MedicationDispense.statusReason[x]">
      <path value="MedicationDispense.statusReason[x]" />
      <mustSupport value="true" />
    </element>
    <element id="MedicationDispense.category.coding.system">
      <path value="MedicationDispense.category.coding.system" />
      <min value="1" />
    </element>
    <element id="MedicationDispense.category.coding.code">
      <path value="MedicationDispense.category.coding.code" />
      <min value="1" />
    </element>
    <element id="MedicationDispense.medication[x]">
      <path value="MedicationDispense.medication[x]" />
      <type>
        <code value="CodeableConcept" />
      </type>
      <type>
        <code value="Reference" />
        <targetProfile value="https://fhir.nhs.wales/StructureDefinition/DataStandardsWales-Medication" />
      </type>
    </element>
    <element id="MedicationDispense.subject">
      <path value="MedicationDispense.subject" />
      <min value="1" />
      <type>
        <code value="Reference" />
        <targetProfile value="https://fhir.nhs.wales/StructureDefinition/DataStandardsWales-Patient" />
        <targetProfile value="http://hl7.org/fhir/StructureDefinition/Group" />
      </type>
    </element>
    <element id="MedicationDispense.subject.identifier.system">
      <path value="MedicationDispense.subject.identifier.system" />
      <min value="1" />
    </element>
    <element id="MedicationDispense.subject.identifier.value">
      <path value="MedicationDispense.subject.identifier.value" />
      <min value="1" />
    </element>
    <element id="MedicationDispense.subject.identifier.assigner">
      <path value="MedicationDispense.subject.identifier.assigner" />
      <type>
        <code value="Reference" />
        <targetProfile value="https://fhir.nhs.wales/StructureDefinition/DataStandardsWales-Organization" />
      </type>
    </element>
    <element id="MedicationDispense.context">
      <path value="MedicationDispense.context" />
      <type>
        <code value="Reference" />
        <targetProfile value="https://hl7.org/fhir/StructureDefinition/EpisodeOfCare" />
        <targetProfile value="https://fhir.nhs.wales/StructureDefinition/DataStandardsWales-Encounter" />
      </type>
      <mustSupport value="true" />
    </element>
    <element id="MedicationDispense.context.identifier.system">
      <path value="MedicationDispense.context.identifier.system" />
      <min value="1" />
    </element>
    <element id="MedicationDispense.context.identifier.value">
      <path value="MedicationDispense.context.identifier.value" />
      <min value="1" />
    </element>
    <element id="MedicationDispense.context.identifier.assigner">
      <path value="MedicationDispense.context.identifier.assigner" />
      <type>
        <code value="Reference" />
        <targetProfile value="https://fhir.nhs.wales/StructureDefinition/DataStandardsWales-Organization" />
      </type>
    </element>
    <element id="MedicationDispense.supportingInformation.identifier.assigner">
      <path value="MedicationDispense.supportingInformation.identifier.assigner" />
      <type>
        <code value="Reference" />
        <targetProfile value="https://fhir.nhs.wales/StructureDefinition/DataStandardsWales-Organization" />
      </type>
    </element>
    <element id="MedicationDispense.performer">
      <path value="MedicationDispense.performer" />
      <max value="1" />
    </element>
    <element id="MedicationDispense.performer.actor">
      <path value="MedicationDispense.performer.actor" />
      <type>
        <code value="Reference" />
        <targetProfile value="https://fhir.nhs.wales/StructureDefinition/DataStandardsWales-Patient" />
        <targetProfile value="https://fhir.nhs.wales/StructureDefinition/DataStandardsWales-Organization" />
        <targetProfile value="https://fhir.nhs.wales/StructureDefinition/DataStandardsWales-Practitioner" />
        <targetProfile value="https://fhir.nhs.wales/StructureDefinition/DataStandardsWales-PractitionerRole" />
        <targetProfile value="https://fhir.hl7.org.uk/StructureDefinition/UKCore-RelatedPerson" />
        <targetProfile value="https://fhir.hl7.org.uk/StructureDefinition/UKCore-Device" />
      </type>
    </element>
    <element id="MedicationDispense.performer.actor.identifier.system">
      <path value="MedicationDispense.performer.actor.identifier.system" />
      <min value="1" />
    </element>
    <element id="MedicationDispense.performer.actor.identifier.value">
      <path value="MedicationDispense.performer.actor.identifier.value" />
      <min value="1" />
    </element>
    <element id="MedicationDispense.performer.actor.identifier.assigner">
      <path value="MedicationDispense.performer.actor.identifier.assigner" />
      <type>
        <code value="Reference" />
        <targetProfile value="https://fhir.nhs.wales/StructureDefinition/DataStandardsWales-Organization" />
      </type>
    </element>
    <element id="MedicationDispense.location">
      <path value="MedicationDispense.location" />
      <type>
        <code value="Reference" />
        <targetProfile value="https://fhir.nhs.wales/StructureDefinition/DataStandardsWales-Location" />
      </type>
      <mustSupport value="true" />
    </element>
    <element id="MedicationDispense.location.identifier.system">
      <path value="MedicationDispense.location.identifier.system" />
      <min value="1" />
    </element>
    <element id="MedicationDispense.location.identifier.value">
      <path value="MedicationDispense.location.identifier.value" />
      <min value="1" />
    </element>
    <element id="MedicationDispense.location.identifier.assigner">
      <path value="MedicationDispense.location.identifier.assigner" />
      <type>
        <code value="Reference" />
        <targetProfile value="https://fhir.nhs.wales/StructureDefinition/DataStandardsWales-Organization" />
      </type>
    </element>
    <element id="MedicationDispense.authorizingPrescription">
      <path value="MedicationDispense.authorizingPrescription" />
      <max value="1" />
      <type>
        <code value="Reference" />
        <targetProfile value="https://fhir.nhs.wales/StructureDefinition/DataStandardsWales-MedicationRequest" />
        <aggregation value="contained" />
        <aggregation value="referenced" />
      </type>
      <mustSupport value="true" />
    </element>
    <element id="MedicationDispense.authorizingPrescription.identifier.system">
      <path value="MedicationDispense.authorizingPrescription.identifier.system" />
      <min value="1" />
    </element>
    <element id="MedicationDispense.authorizingPrescription.identifier.value">
      <path value="MedicationDispense.authorizingPrescription.identifier.value" />
      <min value="1" />
    </element>
    <element id="MedicationDispense.authorizingPrescription.identifier.assigner">
      <path value="MedicationDispense.authorizingPrescription.identifier.assigner" />
      <type>
        <code value="Reference" />
        <targetProfile value="https://fhir.nhs.wales/StructureDefinition/DataStandardsWales-Organization" />
      </type>
    </element>
    <element id="MedicationDispense.type">
      <path value="MedicationDispense.type" />
      <mustSupport value="true" />
    </element>
    <element id="MedicationDispense.type.coding.system">
      <path value="MedicationDispense.type.coding.system" />
      <min value="1" />
    </element>
    <element id="MedicationDispense.type.coding.code">
      <path value="MedicationDispense.type.coding.code" />
      <min value="1" />
    </element>
    <element id="MedicationDispense.quantity">
      <path value="MedicationDispense.quantity" />
      <min value="1" />
    </element>
    <element id="MedicationDispense.daysSupply">
      <path value="MedicationDispense.daysSupply" />
      <mustSupport value="true" />
    </element>
    <element id="MedicationDispense.whenHandedOver">
      <path value="MedicationDispense.whenHandedOver" />
      <mustSupport value="true" />
    </element>
    <element id="MedicationDispense.destination">
      <path value="MedicationDispense.destination" />
      <type>
        <code value="Reference" />
        <targetProfile value="https://fhir.nhs.wales/StructureDefinition/DataStandardsWales-Location" />
      </type>
    </element>
    <element id="MedicationDispense.destination.identifier.assigner">
      <path value="MedicationDispense.destination.identifier.assigner" />
      <type>
        <code value="Reference" />
        <targetProfile value="https://fhir.nhs.wales/StructureDefinition/DataStandardsWales-Organization" />
      </type>
    </element>
    <element id="MedicationDispense.receiver">
      <path value="MedicationDispense.receiver" />
      <max value="1" />
      <type>
        <code value="Reference" />
        <targetProfile value="https://fhir.nhs.wales/StructureDefinition/DataStandardsWales-Patient" />
        <targetProfile value="https://fhir.nhs.wales/StructureDefinition/DataStandardsWales-Practitioner" />
      </type>
      <mustSupport value="true" />
    </element>
    <element id="MedicationDispense.receiver.identifier.assigner">
      <path value="MedicationDispense.receiver.identifier.assigner" />
      <type>
        <code value="Reference" />
        <targetProfile value="https://fhir.nhs.wales/StructureDefinition/DataStandardsWales-Organization" />
      </type>
    </element>
    <element id="MedicationDispense.note.author[x]">
      <path value="MedicationDispense.note.author[x]" />
      <type>
        <code value="Reference" />
        <targetProfile value="https://fhir.hl7.org.uk/StructureDefinition/DataStandardsWales-Organization" />
        <targetProfile value="https://fhir.hl7.org.uk/StructureDefinition/DataStandardsWales-Practitioner" />
        <targetProfile value="https://fhir.hl7.org.uk/StructureDefinition/DataStandardsWales-Patient" />
        <targetProfile value="https://fhir.hl7.org.uk/StructureDefinition/UKCore-RelatedPerson" />
      </type>
      <type>
        <code value="string" />
      </type>
    </element>
    <element id="MedicationDispense.dosageInstruction">
      <path value="MedicationDispense.dosageInstruction" />
      <type>
        <code value="Dosage" />
        <profile value="https://fhir.nhs.wales/StructureDefinition/DataStandardsWales-Dosage" />
      </type>
    </element>
    <element id="MedicationDispense.dosageInstruction.site">
      <path value="MedicationDispense.dosageInstruction.site" />
      <binding>
        <strength value="extensible" />
      </binding>
    </element>
    <element id="MedicationDispense.substitution.responsibleParty">
      <path value="MedicationDispense.substitution.responsibleParty" />
      <type>
        <code value="Reference" />
        <targetProfile value="https://fhir.nhs.wales/StructureDefinition/DataStandardsWales-Practitioner" />
        <targetProfile value="https://fhir.nhs.wales/StructureDefinition/DataStandardsWales-PractitionerRole" />
      </type>
    </element>
    <element id="MedicationDispense.substitution.responsibleParty.identifier.assigner">
      <path value="MedicationDispense.substitution.responsibleParty.identifier.assigner" />
      <type>
        <code value="Reference" />
        <targetProfile value="https://fhir.nhs.wales/StructureDefinition/DataStandardsWales-Organization" />
      </type>
    </element>
    <element id="MedicationDispense.detectedIssue.identifier.assigner">
      <path value="MedicationDispense.detectedIssue.identifier.assigner" />
      <type>
        <code value="Reference" />
        <targetProfile value="https://fhir.nhs.wales/StructureDefinition/DataStandardsWales-Organization" />
      </type>
    </element>
    <element id="MedicationDispense.eventHistory">
      <path value="MedicationDispense.eventHistory" />
      <type>
        <code value="Reference" />
        <targetProfile value="https://fhir.nhs.wales/StructureDefinition/DataStandardsWales-Provenance" />
      </type>
    </element>
    <element id="MedicationDispense.eventHistory.identifier.assigner">
      <path value="MedicationDispense.eventHistory.identifier.assigner" />
      <type>
        <code value="Reference" />
        <targetProfile value="https://fhir.nhs.wales/StructureDefinition/DataStandardsWales-Organization" />
      </type>
    </element>
  </differential>
</StructureDefinition>