<?xml version="1.0" encoding="utf-8"?>
<StructureDefinition xmlns="http://hl7.org/fhir">
  <id value="DataStandardsWales-MedicationAdministration" />
  <url value="https://fhir.nhs.wales/StructureDefinition/DataStandardsWales-MedicationAdministration" />
  <version value="1.1.0" />
  <name value="DataStandardsWalesMedicationAdministration" />
  <title value="Data Standards Wales Medication Administration" />
  <status value="active" />
  <experimental value="false" />
  <date value="2023-08-02" />
  <publisher value="NHS Wales" />
  <description value="This profile defines the UK constraints and extensions on the International FHIR resource [MedicationAdministration](https://hl7.org/fhir/R4/MedicationAdministration.html)." />
  <copyright value="2023 NHS Wales." />
  <fhirVersion value="4.0.1" />
  <kind value="resource" />
  <abstract value="false" />
  <type value="MedicationAdministration" />
  <baseDefinition value="https://fhir.hl7.org.uk/StructureDefinition/UKCore-MedicationAdministration" />
  <derivation value="constraint" />
  <differential>
    <element id="MedicationAdministration.identifier.system">
      <path value="MedicationAdministration.identifier.system" />
      <min value="1" />
    </element>
    <element id="MedicationAdministration.identifier.value">
      <path value="MedicationAdministration.identifier.value" />
      <min value="1" />
    </element>
    <element id="MedicationAdministration.partOf">
      <path value="MedicationAdministration.partOf" />
      <type>
        <code value="Reference" />
        <targetProfile value="https://fhir.nhs.wales/StructureDefinition/DataStandardsWales-MedicationAdministration" />
        <targetProfile value="https://fhir.hl7.org.uk/StructureDefinition/UKCore-Procedure" />
      </type>
    </element>
    <element id="MedicationAdministration.statusReason">
      <path value="MedicationAdministration.statusReason" />
      <mustSupport value="true" />
    </element>
    <element id="MedicationAdministration.statusReason.coding.system">
      <path value="MedicationAdministration.statusReason.coding.system" />
      <min value="1" />
    </element>
    <element id="MedicationAdministration.statusReason.coding.code">
      <path value="MedicationAdministration.statusReason.coding.code" />
      <min value="1" />
    </element>
    <element id="MedicationAdministration.category.coding.system">
      <path value="MedicationAdministration.category.coding.system" />
      <min value="1" />
    </element>
    <element id="MedicationAdministration.category.coding.code">
      <path value="MedicationAdministration.category.coding.code" />
      <min value="1" />
    </element>
    <element id="MedicationAdministration.medication[x]">
      <path value="MedicationAdministration.medication[x]" />
      <type>
        <code value="CodeableConcept" />
      </type>
      <type>
        <code value="Reference" />
        <targetProfile value="https://fhir.nhs.wales/StructureDefinition/DataStandardsWales-Medication" />
      </type>
    </element>
    <element id="MedicationAdministration.subject">
      <path value="MedicationAdministration.subject" />
      <type>
        <code value="Reference" />
        <targetProfile value="https://fhir.nhs.wales/StructureDefinition/DataStandardsWales-Patient" />
        <targetProfile value="http://hl7.org/fhir/StructureDefinition/Group" />
      </type>
    </element>
    <element id="MedicationAdministration.subject.identifier.system">
      <path value="MedicationAdministration.subject.identifier.system" />
      <min value="1" />
      <fixedUri value="https://fhir.nhs.uk/Id/nhs-number" />
    </element>
    <element id="MedicationAdministration.subject.identifier.value">
      <path value="MedicationAdministration.subject.identifier.value" />
      <min value="1" />
    </element>
    <element id="MedicationAdministration.context">
      <path value="MedicationAdministration.context" />
      <type>
        <code value="Reference" />
        <targetProfile value="http://hl7.org/fhir/StructureDefinition/EpisodeOfCare" />
        <targetProfile value="https://fhir.nhs.wales/StructureDefinition/DataStandardsWales-Encounter" />
      </type>
    </element>
    <element id="MedicationAdministration.performer">
      <path value="MedicationAdministration.performer" />
      <min value="1" />
      <max value="1" />
      <mustSupport value="true" />
    </element>
    <element id="MedicationAdministration.performer.actor">
      <path value="MedicationAdministration.performer.actor" />
      <type>
        <code value="Reference" />
        <targetProfile value="https://fhir.nhs.wales/StructureDefinition/DataStandardsWales-Practitioner" />
        <targetProfile value="https://fhir.nhs.wales/StructureDefinition/DataStandardsWales-PractitionerRole" />
        <targetProfile value="https://fhir.nhs.wales/StructureDefinition/DataStandardsWales-Patient" />
        <targetProfile value="https://fhir.hl7.org.uk/StructureDefinition/UKCore-RelatedPerson" />
        <targetProfile value="https://fhir.hl7.org.uk/StructureDefinition/UKCore-Device" />
      </type>
    </element>
    <element id="MedicationAdministration.performer.actor.reference">
      <path value="MedicationAdministration.performer.actor.reference" />
      <min value="1" />
    </element>
    <element id="MedicationAdministration.performer.actor.identifier.system">
      <path value="MedicationAdministration.performer.actor.identifier.system" />
      <min value="1" />
    </element>
    <element id="MedicationAdministration.performer.actor.identifier.value">
      <path value="MedicationAdministration.performer.actor.identifier.value" />
      <min value="1" />
    </element>
    <element id="MedicationAdministration.reasonReference">
      <path value="MedicationAdministration.reasonReference" />
      <type>
        <code value="Reference" />
        <targetProfile value="https://fhir.hl7.org.uk/StructureDefinition/UKCore-Condition" />
        <targetProfile value="https://fhir.nhs.wales/StructureDefinition/DataStandardsWales-DiagnosticReport" />
        <targetProfile value="https://fhir.nhs.wales/StructureDefinition/DataStandardsWales-Observation" />
      </type>
    </element>
    <element id="MedicationAdministration.request">
      <path value="MedicationAdministration.request" />
      <type>
        <code value="Reference" />
        <targetProfile value="https://fhir.nhs.wales/StructureDefinition/DataStandardsWales-MedicationRequest" />
      </type>
      <mustSupport value="true" />
    </element>
    <element id="MedicationAdministration.device">
      <path value="MedicationAdministration.device" />
      <type>
        <code value="Reference" />
        <targetProfile value="https://fhir.nhs.wales/StructureDefinition/DataStandardsWales-Device" />
      </type>
    </element>
    <element id="MedicationAdministration.note.author[x]">
      <path value="MedicationAdministration.note.author[x]" />
      <type>
        <code value="Reference" />
        <targetProfile value="https://fhir.nhs.wales/StructureDefinition/DataStandardsWales-Practitioner" />
        <targetProfile value="https://fhir.nhs.wales/StructureDefinition/DataStandardsWales-Patient" />
        <targetProfile value="https://fhir.nhs.wales/StructureDefinition/DataStandardsWales-Organization" />
        <targetProfile value="https://fhir.hl7.org.uk/StructureDefinition/UKCore-RelatedPerson" />
      </type>
      <type>
        <code value="string" />
      </type>
    </element>
    <element id="MedicationAdministration.eventHistory">
      <path value="MedicationAdministration.eventHistory" />
      <type>
        <code value="Reference" />
        <targetProfile value="https://fhir.nhs.wales/StructureDefinition/DataStandardsWales-Provenance" />
      </type>
    </element>
  </differential>
</StructureDefinition>