<StructureDefinition xmlns="http://hl7.org/fhir">
  <id value="DataStandardsWales-Composition" />
  <url value="https://fhir.nhs.wales/StructureDefinition/DataStandardsWales-Composition" />
  <version value="0.1.0" />
  <name value="DataStandardsWalesComposition" />
  <title value="Data Standards Wales Composition" />
  <status value="draft" />
  <experimental value="true" />
  <date value="2025-09-05" />
  <publisher value="NHS Wales" />
  <contact>
    <name value="FHIR Service" />
    <telecom>
      <system value="email" />
      <value value="fhir.standards@wales.nhs.uk" />
      <use value="work" />
      <rank value="1" />
    </telecom>
  </contact>
  <description value="This profile allows a record of a set of healthcare-related information that is assembled together into a single logical package that provides a single coherent statement of meaning, establishes its own context and that has clinical attestation with regard to who is making the statement." />
  <copyright value="2025 NHS Wales." />
  <fhirVersion value="4.0.1" />
  <kind value="resource" />
  <abstract value="false" />
  <type value="Composition" />
  <baseDefinition value="https://fhir.hl7.org.uk/StructureDefinition/UKCore-Composition" />
  <derivation value="constraint" />
  <differential>
    <element id="Composition.encounter">
      <path value="Composition.encounter" />
      <type>
        <code value="Reference" />
        <targetProfile value="https://fhir.nhs.wales/StructureDefinition/DataStandardsWales-Encounter" />
      </type>
    </element>
    <element id="Composition.author">
      <path value="Composition.author" />
      <type>
        <code value="Reference" />
        <targetProfile value="https://fhir.nhs.wales/StructureDefinition/DataStandardsWales-Practitioner" />
        <targetProfile value="https://fhir.nhs.wales/StructureDefinition/DataStandardsWales-PractitionerRole" />
        <targetProfile value="https://fhir.nhs.wales/StructureDefinition/DataStandardsWales-Device" />
        <targetProfile value="https://fhir.nhs.wales/StructureDefinition/DataStandardsWales-Patient" />
        <targetProfile value="https://fhir.nhs.wales/StructureDefinition/DataStandardsWales-RelatedPerson" />
        <targetProfile value="https://fhir.nhs.wales/StructureDefinition/DataStandardsWales-Organization" />
      </type>
    </element>
    <element id="Composition.attester.party">
      <path value="Composition.attester.party" />
      <type>
        <code value="Reference" />
        <targetProfile value="https://fhir.nhs.wales/StructureDefinition/DataStandardsWales-Patient" />
        <targetProfile value="https://fhir.nhs.wales/StructureDefinition/DataStandardsWales-RelatedPerson" />
        <targetProfile value="https://fhir.nhs.wales/StructureDefinition/DataStandardsWales-Practitioner" />
        <targetProfile value="https://fhir.nhs.wales/StructureDefinition/DataStandardsWales-PractitionerRole" />
        <targetProfile value="https://fhir.nhs.wales/StructureDefinition/DataStandardsWales-Organization" />
      </type>
    </element>
    <element id="Composition.custodian">
      <path value="Composition.custodian" />
      <type>
        <code value="Reference" />
        <targetProfile value="https://fhir.nhs.wales/StructureDefinition/DataStandardsWales-Organization" />
      </type>
    </element>
    <element id="Composition.relatesTo.target[x]">
      <path value="Composition.relatesTo.target[x]" />
      <type>
        <code value="Identifier" />
      </type>
      <type>
        <code value="Reference" />
        <targetProfile value="https://fhir.nhs.wales/StructureDefinition/DataStandardsWales-Composition" />
      </type>
    </element>
    <element id="Composition.section.author">
      <path value="Composition.section.author" />
      <type>
        <code value="Reference" />
        <targetProfile value="https://fhir.nhs.wales/StructureDefinition/DataStandardsWales-Practitioner" />
        <targetProfile value="https://fhir.nhs.wales/StructureDefinition/DataStandardsWales-PractitionerRole" />
        <targetProfile value="https://fhir.nhs.wales/StructureDefinition/DataStandardsWales-Device" />
        <targetProfile value="https://fhir.nhs.wales/StructureDefinition/DataStandardsWales-Patient" />
        <targetProfile value="https://fhir.nhs.wales/StructureDefinition/DataStandardsWales-RelatedPerson" />
        <targetProfile value="https://fhir.nhs.wales/StructureDefinition/DataStandardsWales-Organization" />
      </type>
    </element>
  </differential>
</StructureDefinition>