<?xml version="1.0" encoding="utf-8"?>
<StructureDefinition xmlns="http://hl7.org/fhir">
  <id value="DataStandardsWales-Observation-Lab" />
  <url value="https://fhir.nhs.wales/StructureDefinition/DataStandardsWales-Observation-Lab" />
  <version value="0.1.0" />
  <name value="DataStandardsWalesObservationLab" />
  <title value="Data Standards Wales Observation - Lab" />
  <status value="draft" />
  <experimental value="true" />
  <date value="2023-05-24" />
  <publisher value="NHS Wales" />
  <copyright value="2023 NHS Wales." />
  <fhirVersion value="4.0.1" />
  <kind value="resource" />
  <abstract value="false" />
  <type value="Observation" />
  <baseDefinition value="https://fhir.nhs.wales/StructureDefinition/DataStandardsWales-Observation" />
  <derivation value="constraint" />
  <differential>
    <element id="Observation.category">
      <path value="Observation.category" />
      <slicing>
        <discriminator>
          <type value="pattern" />
          <path value="$this" />
        </discriminator>
        <rules value="open" />
      </slicing>
      <min value="1" />
    </element>
    <element id="Observation.category:LaboratorySlice">
      <path value="Observation.category" />
      <sliceName value="LaboratorySlice" />
      <min value="1" />
      <max value="1" />
      <fixedCodeableConcept>
        <coding>
          <system value="http://hl7.org/fhir/ValueSet/observation-category" />
          <version value="4.3.0" />
          <code value="laboratory" />
          <display value="Laboratory" />
        </coding>
      </fixedCodeableConcept>
    </element>
    <element id="Observation.code">
      <path value="Observation.code" />
      <binding>
        <strength value="preferred" />
        <valueSet value="https://fhir.hl7.org.uk/ValueSet/UKCore-PathologyAndLaboratoryMedicineObservables" />
      </binding>
    </element>
    <element id="Observation.subject">
      <path value="Observation.subject" />
      <type>
        <code value="Reference" />
        <targetProfile value="https://fhir.nhs.wales/StructureDefinition/DataStandardsWales-Patient" />
      </type>
    </element>
    <element id="Observation.device">
      <path value="Observation.device" />
      <type>
        <code value="Reference" />
        <targetProfile value="http://hl7.org/fhir/StructureDefinition/DeviceMetric" />
        <targetProfile value="https://fhir.nhs.wales/StructureDefinition/DataStandardsWales-Device" />
      </type>
    </element>
    <element id="Observation.hasMember">
      <path value="Observation.hasMember" />
      <type>
        <code value="Reference" />
        <targetProfile value="https://fhir.nhs.wales/StructureDefinition/DataStandardsWales-Observation" />
        <targetProfile value="http://hl7.org/fhir/StructureDefinition/MolecularSequence" />
        <targetProfile value="http://hl7.org/fhir/StructureDefinition/QuestionnaireResponse" />
      </type>
    </element>
  </differential>
</StructureDefinition>