<StructureDefinition xmlns="http://hl7.org/fhir">
  <id value="DataStandardsWales-Observation-Lab" />
  <url value="https://fhir.nhs.wales/StructureDefinition/DataStandardsWales-Observation-Lab" />
  <version value="0.0.5" />
  <name value="DataStandardsWalesObservationLab" />
  <title value="Data Standards Wales Observation - Lab" />
  <status value="draft" />
  <experimental value="true" />
  <date value="2023-05-24" />
  <publisher value="NHS Wales" />
  <copyright value="2023 NHS Wales." />
  <fhirVersion value="4.0.1" />
  <kind value="resource" />
  <abstract value="false" />
  <type value="Observation" />
  <baseDefinition value="https://fhir.nhs.wales/StructureDefinition/DataStandardsWales-Observation" />
  <derivation value="constraint" />
  <differential>
    <element id="Observation.category">
      <path value="Observation.category" />
      <slicing>
        <discriminator>
          <type value="pattern" />
          <path value="$this" />
        </discriminator>
        <rules value="open" />
      </slicing>
      <min value="1" />
    </element>
    <element id="Observation.category:LaboratorySlice">
      <path value="Observation.category" />
      <sliceName value="LaboratorySlice" />
      <min value="1" />
      <max value="1" />
      <fixedCodeableConcept>
        <coding>
          <!--fix required here, valueset is invalid in this context and would need to be codesystem-->
          <system value="http://hl7.org/fhir/ValueSet/observation-category" />
          <version value="4.3.0" />
          <code value="laboratory" />
          <display value="Laboratory" />
        </coding>
      </fixedCodeableConcept>
    </element>
  </differential>
</StructureDefinition>