<StructureDefinition xmlns="http://hl7.org/fhir">
  <id value="DataStandardsWales-DiagnosticReport" />
  <url value="https://fhir.nhs.wales/StructureDefinition/DataStandardsWales-DiagnosticReport" />
  <version value="0.1.1" />
  <name value="DataStandardsWalesDiagnosticReport" />
  <title value="Data Standards Wales Diagnostic Report" />
  <status value="draft" />
  <experimental value="true" />
  <date value="2023-05-24" />
  <publisher value="NHS Wales" />
  <copyright value="2024 NHS Wales." />
  <fhirVersion value="4.0.1" />
  <kind value="resource" />
  <abstract value="false" />
  <type value="DiagnosticReport" />
  <baseDefinition value="https://fhir.hl7.org.uk/StructureDefinition/UKCore-DiagnosticReport" />
  <derivation value="constraint" />
  <differential>
    <element id="DiagnosticReport.identifier">
      <path value="DiagnosticReport.identifier" />
      <mustSupport value="true" />
    </element>
    <element id="DiagnosticReport.basedOn">
      <path value="DiagnosticReport.basedOn" />
      <type>
        <code value="Reference" />
        <targetProfile value="http://hl7.org/fhir/StructureDefinition/ImmunizationRecommendation" />
        <targetProfile value="http://hl7.org/fhir/StructureDefinition/NutritionOrder" />
        <targetProfile value="https://fhir.nhs.wales/StructureDefinition/DataStandardsWales-ServiceRequest" />
        <targetProfile value="http://hl7.org/fhir/StructureDefinition/CarePlan" />
        <targetProfile value="https://fhir.nhs.wales/StructureDefinition/DataStandardsWales-MedicationRequest" />
        <targetProfile value="https://fhir.nhs.wales/StructureDefinition/DataStandardsWales-MedicationRequest" />
        <targetProfile value="http://hl7.org/fhir/StructureDefinition/CarePlan" />
      </type>
    </element>
    <element id="DiagnosticReport.subject">
      <path value="DiagnosticReport.subject" />
      <min value="1" />
      <type>
        <code value="Reference" />
        <targetProfile value="http://hl7.org/fhir/StructureDefinition/Group" />
        <targetProfile value="https://fhir.nhs.wales/StructureDefinition/DataStandardsWales-Device" />
        <targetProfile value="https://fhir.nhs.wales/StructureDefinition/DataStandardsWales-Patient" />
        <targetProfile value="https://fhir.nhs.wales/StructureDefinition/DataStandardsWales-Location" />
      </type>
    </element>
    <element id="DiagnosticReport.encounter">
      <path value="DiagnosticReport.encounter" />
      <type>
        <code value="Reference" />
        <targetProfile value="https://fhir.nhs.wales/StructureDefinition/DataStandardsWales-Encounter" />
      </type>
    </element>
    <element id="DiagnosticReport.effective[x]">
      <path value="DiagnosticReport.effective[x]" />
      <mustSupport value="true" />
    </element>
    <element id="DiagnosticReport.performer">
      <path value="DiagnosticReport.performer" />
      <type>
        <code value="Reference" />
        <targetProfile value="https://fhir.nhs.wales/StructureDefinition/DataStandardsWales-Practitioner" />
        <targetProfile value="https://fhir.nhs.wales/StructureDefinition/DataStandardsWales-PractitionerRole" />
        <targetProfile value="https://fhir.nhs.wales/StructureDefinition/DataStandardsWales-Organization" />
        <targetProfile value="http://hl7.org/fhir/StructureDefinition/CareTeam" />
      </type>
    </element>
    <element id="DiagnosticReport.resultsInterpreter">
      <path value="DiagnosticReport.resultsInterpreter" />
      <type>
        <code value="Reference" />
        <targetProfile value="https://fhir.nhs.wales/StructureDefinition/DataStandardsWales-Practitioner" />
        <targetProfile value="https://fhir.nhs.wales/StructureDefinition/DataStandardsWales-PractitionerRole" />
        <targetProfile value="https://fhir.nhs.wales/StructureDefinition/DataStandardsWales-Organization" />
      </type>
    </element>
    <element id="DiagnosticReport.specimen">
      <path value="DiagnosticReport.specimen" />
      <type>
        <code value="Reference" />
        <targetProfile value="https://fhir.nhs.wales/StructureDefinition/DataStandardsWales-Specimen" />
      </type>
      <mustSupport value="true" />
    </element>
    <element id="DiagnosticReport.result">
      <path value="DiagnosticReport.result" />
      <type>
        <code value="Reference" />
        <targetProfile value="https://fhir.nhs.wales/StructureDefinition/DataStandardsWales-Observation" />
      </type>
    </element>
    <element id="DiagnosticReport.imagingStudy">
      <path value="DiagnosticReport.imagingStudy" />
      <type>
        <code value="Reference" />
        <targetProfile value="https://fhir.nhs.wales/StructureDefinition/DataStandardsWales-ImagingStudy" />
      </type>
      <mustSupport value="true" />
    </element>
    <element id="DiagnosticReport.presentedForm">
      <path value="DiagnosticReport.presentedForm" />
      <mustSupport value="true" />
    </element>
  </differential>
</StructureDefinition>