<StructureDefinition xmlns="http://hl7.org/fhir">
  <id value="DataStandardsWales-Consent" />
  <url value="https://fhir.nhs.wales/StructureDefinition/DataStandardsWales-Consent" />
  <version value="0.0.1" />
  <name value="DataStandardsWalesConsent" />
  <title value="Data Standards Wales Consent" />
  <status value="draft" />
  <date value="2025-04-03" />
  <publisher value="NHS Wales" />
  <copyright value="2025 NHS Wales" />
  <fhirVersion value="4.0.1" />
  <kind value="resource" />
  <abstract value="false" />
  <type value="Consent" />
  <baseDefinition value="http://hl7.org/fhir/StructureDefinition/Consent" />
  <derivation value="constraint" />
  <differential>
    <element id="Consent.patient">
      <path value="Consent.patient" />
      <type>
        <code value="Reference" />
        <targetProfile value="https://fhir.nhs.wales/StructureDefinition/DataStandardsWales-Patient" />
      </type>
    </element>
    <element id="Consent.performer">
      <path value="Consent.performer" />
      <type>
        <code value="Reference" />
        <targetProfile value="https://fhir.nhs.wales/StructureDefinition/DataStandardsWales-Organization" />
        <targetProfile value="https://fhir.nhs.wales/StructureDefinition/DataStandardsWales-Patient" />
        <targetProfile value="https://fhir.nhs.wales/StructureDefinition/DataStandardsWales-Practitioner" />
        <targetProfile value="https://fhir.nhs.wales/StructureDefinition/DataStandardsWales-RelatedPerson" />
        <targetProfile value="https://fhir.nhs.wales/StructureDefinition/DataStandardsWales-PractitionerRole" />
      </type>
    </element>
    <element id="Consent.organization">
      <path value="Consent.organization" />
      <type>
        <code value="Reference" />
        <targetProfile value="https://fhir.nhs.wales/StructureDefinition/DataStandardsWales-Organization" />
      </type>
    </element>
    <element id="Consent.source[x]">
      <path value="Consent.source[x]" />
      <type>
        <code value="Attachment" />
      </type>
      <type>
        <code value="Reference" />
        <targetProfile value="http://hl7.org/fhir/StructureDefinition/DocumentReference" />
        <targetProfile value="http://hl7.org/fhir/StructureDefinition/Contract" />
        <targetProfile value="https://fhir.nhs.wales/StructureDefinition/DataStandardsWales-Consent" />
        <targetProfile value="https://fhir.nhs.wales/StructureDefinition/DataStandardsWales-QuestionnaireResponse" />
      </type>
    </element>
    <element id="Consent.verification.verifiedWith">
      <path value="Consent.verification.verifiedWith" />
      <type>
        <code value="Reference" />
        <targetProfile value="https://fhir.nhs.wales/StructureDefinition/DataStandardsWales-Patient" />
        <targetProfile value="https://fhir.nhs.wales/StructureDefinition/DataStandardsWales-RelatedPerson" />
      </type>
    </element>
    <element id="Consent.provision.actor.reference">
      <path value="Consent.provision.actor.reference" />
      <type>
        <code value="Reference" />
        <targetProfile value="http://hl7.org/fhir/StructureDefinition/Group" />
        <targetProfile value="http://hl7.org/fhir/StructureDefinition/CareTeam" />
        <targetProfile value="https://fhir.nhs.wales/StructureDefinition/DataStandardsWales-Device" />
        <targetProfile value="https://fhir.nhs.wales/StructureDefinition/DataStandardsWales-Organization" />
        <targetProfile value="https://fhir.nhs.wales/StructureDefinition/DataStandardsWales-Patient" />
        <targetProfile value="https://fhir.nhs.wales/StructureDefinition/DataStandardsWales-Practitioner" />
        <targetProfile value="https://fhir.nhs.wales/StructureDefinition/DataStandardsWales-RelatedPerson" />
        <targetProfile value="https://fhir.nhs.wales/StructureDefinition/DataStandardsWales-PractitionerRole" />
      </type>
    </element>
  </differential>
</StructureDefinition>