<StructureDefinition xmlns="http://hl7.org/fhir">
  <id value="DataStandardsWales-ImagingStudy" />
  <url value="https://fhir.nhs.wales/StructureDefinition/DataStandardsWales-ImagingStudy" />
  <version value="0.0.5" />
  <name value="DataStandardsWalesImagingStudy" />
  <title value="Data Standards Wales Imaging Study" />
  <status value="draft" />
  <experimental value="true" />
  <date value="2023-05-24" />
  <publisher value="NHS Wales" />
  <copyright value="2023 NHS Wales." />
  <fhirVersion value="4.0.1" />
  <kind value="resource" />
  <abstract value="false" />
  <type value="ImagingStudy" />
  <baseDefinition value="http://hl7.org/fhir/StructureDefinition/ImagingStudy" />
  <derivation value="constraint" />
  <differential>
    <element id="ImagingStudy.identifier">
      <path value="ImagingStudy.identifier" />
      <mustSupport value="true" />
    </element>
    <element id="ImagingStudy.subject">
      <path value="ImagingStudy.subject" />
      <type>
        <code value="Reference" />
        <targetProfile value="https://fhir.nhs.wales/StructureDefinition/DataStandardsWales-Patient" />
      </type>
    </element>
    <element id="ImagingStudy.encounter">
      <path value="ImagingStudy.encounter" />
      <type>
        <code value="Reference" />
        <targetProfile value="https://fhir.nhs.wales/StructureDefinition/DataStandardsWales-Encounter" />
      </type>
    </element>
    <element id="ImagingStudy.basedOn">
      <path value="ImagingStudy.basedOn" />
      <type>
        <code value="Reference" />
        <targetProfile value="http://hl7.org/fhir/StructureDefinition/CarePlan" />
        <targetProfile value="http://hl7.org/fhir/StructureDefinition/Appointment" />
        <targetProfile value="http://hl7.org/fhir/StructureDefinition/AppointmentResponse" />
        <targetProfile value="http://hl7.org/fhir/StructureDefinition/Task" />
        <targetProfile value="https://fhir.nhs.wales/StructureDefinition/DataStandardsWales-ServiceRequest" />
      </type>
    </element>
    <element id="ImagingStudy.referrer">
      <path value="ImagingStudy.referrer" />
      <type>
        <code value="Reference" />
        <targetProfile value="https://fhir.nhs.wales/StructureDefinition/DataStandardsWales-Practitioner" />
        <targetProfile value="https://fhir.nhs.wales/StructureDefinition/DataStandardsWales-PractitionerRole" />
      </type>
    </element>
    <element id="ImagingStudy.interpreter">
      <path value="ImagingStudy.interpreter" />
      <type>
        <code value="Reference" />
        <targetProfile value="https://fhir.nhs.wales/StructureDefinition/DataStandardsWales-Practitioner" />
        <targetProfile value="https://fhir.nhs.wales/StructureDefinition/DataStandardsWales-PractitionerRole" />
      </type>
    </element>
    <element id="ImagingStudy.endpoint">
      <path value="ImagingStudy.endpoint" />
      <type>
        <code value="Reference" />
        <targetProfile value="https://fhir.nhs.wales/StructureDefinition/DataStandardsWales-Endpoint" />
      </type>
      <mustSupport value="true" />
    </element>
    <element id="ImagingStudy.location">
      <path value="ImagingStudy.location" />
      <type>
        <code value="Reference" />
        <targetProfile value="https://fhir.nhs.wales/StructureDefinition/DataStandardsWales-Location" />
      </type>
    </element>
    <element id="ImagingStudy.reasonReference">
      <path value="ImagingStudy.reasonReference" />
      <type>
        <code value="Reference" />
        <targetProfile value="http://hl7.org/fhir/StructureDefinition/Condition" />
        <targetProfile value="http://hl7.org/fhir/StructureDefinition/Media" />
        <targetProfile value="http://hl7.org/fhir/StructureDefinition/DocumentReference" />
        <targetProfile value="https://fhir.nhs.wales/StructureDefinition/DataStandardsWales-Observation" />
        <targetProfile value="https://fhir.nhs.wales/StructureDefinition/DataStandardsWales-DiagnosticReport" />
      </type>
    </element>
  </differential>
</StructureDefinition>