<StructureDefinition xmlns="http://hl7.org/fhir">
  <url value="https://fhir.nhs.wales/StructureDefinition/DataStandardsWales-Appointment" />
  <version value="1.0.0" />
  <name value="DataStandardsWalesAppointment" />
  <status value="active" />
  <date value="2025-02-20" />
  <publisher value="NHS Wales" />
  <copyright value="2024 NHS Wales." />
  <fhirVersion value="4.0.1" />
  <kind value="resource" />
  <abstract value="false" />
  <type value="Appointment" />
  <baseDefinition value="https://fhir.hl7.org.uk/StructureDefinition/UKCore-Appointment" />
  <derivation value="constraint" />
  <differential>
    <element id="Appointment.reasonReference">
      <path value="Appointment.reasonReference" />
      <type>
        <code value="Reference" />
        <targetProfile value="http://hl7.org/fhir/StructureDefinition/ImmunizationRecommendation" />
        <targetProfile value="https://fhir.nhs.wales/StructureDefinition/DataStandardsWales-Observation" />
        <targetProfile value="https://fhir.hl7.org.uk/StructureDefinition/UKCore-Condition" />
        <targetProfile value="https://fhir.hl7.org.uk/StructureDefinition/UKCore-Procedure" />
      </type>
    </element>
    <element id="Appointment.basedOn">
      <path value="Appointment.basedOn" />
      <type>
        <code value="Reference" />
        <targetProfile value="https://fhir.nhs.wales/StructureDefinition/DataStandardsWales-ServiceRequest" />
      </type>
    </element>
    <element id="Appointment.participant.actor">
      <path value="Appointment.participant.actor" />
      <type>
        <code value="Reference" />
        <targetProfile value="http://hl7.org/fhir/StructureDefinition/HealthcareService" />
        <targetProfile value="https://fhir.nhs.wales/StructureDefinition/DataStandardsWales-Patient" />
        <targetProfile value="https://fhir.nhs.wales/StructureDefinition/DataStandardsWales-Practitioner" />
        <targetProfile value="https://fhir.nhs.wales/StructureDefinition/DataStandardsWales-PractitionerRole" />
        <targetProfile value="https://fhir.nhs.wales/StructureDefinition/DataStandardsWales-RelatedPerson" />
        <targetProfile value="https://fhir.nhs.wales/StructureDefinition/DataStandardsWales-Device" />
        <targetProfile value="https://fhir.nhs.wales/StructureDefinition/DataStandardsWales-Location" />
      </type>
    </element>
  </differential>
</StructureDefinition>