<?xml version="1.0" encoding="utf-8"?>
<StructureDefinition xmlns="http://hl7.org/fhir">
  <id value="DataStandardsWales-AllergyList" />
  <url value="https://fhir.nhs.wales/StructureDefinition/DataStandardsWales-AllergyList" />
  <version value="1.2.0" />
  <name value="DataStandardsWalesAllergyList" />
  <title value="Data Standards Wales Allergy List" />
  <status value="active" />
  <experimental value="false" />
  <date value="2024-12-02" />
  <publisher value="NHS Wales" />
  <copyright value="2024 NHS Wales." />
  <fhirVersion value="4.0.1" />
  <kind value="resource" />
  <abstract value="false" />
  <type value="List" />
  <baseDefinition value="https://fhir.hl7.org.uk/StructureDefinition/UKCore-List" />
  <derivation value="constraint" />
  <differential>
    <element id="List.extension:SingleRecordAllergiesListConfirmedBy">
      <path value="List.extension" />
      <sliceName value="SingleRecordAllergiesListConfirmedBy" />
      <type>
        <code value="Extension" />
        <profile value="https://fhir.nhs.wales/StructureDefinition/Extension-DataStandardsWales-SingleRecord-AllergiesListConfirmedBy" />
      </type>
      <isModifier value="false" />
    </element>
    <element id="List.extension:SingleRecordAllergiesListConfirmedDate">
      <path value="List.extension" />
      <sliceName value="SingleRecordAllergiesListConfirmedDate" />
      <type>
        <code value="Extension" />
        <profile value="https://fhir.nhs.wales/StructureDefinition/Extension-DataStandardsWales-SingleRecord-AllergiesListConfirmedDate" />
      </type>
      <isModifier value="false" />
    </element>
    <element id="List.extension:SingleRecordAllergiesListUpdated">
      <path value="List.extension" />
      <sliceName value="SingleRecordAllergiesListUpdated" />
      <type>
        <code value="Extension" />
        <profile value="https://fhir.nhs.wales/StructureDefinition/Extension-DataStandardsWales-SingleRecord-AllergiesListUpdated" />
      </type>
      <isModifier value="false" />
    </element>
    <element id="List.code">
      <path value="List.code" />
      <fixedCodeableConcept>
        <coding>
          <system value="http://snomed.info/sct" />
          <code value="886921000000105" />
          <display value="Allergies and adverse reactions" />
        </coding>
      </fixedCodeableConcept>
    </element>
    <element id="List.subject">
      <path value="List.subject" />
      <min value="1" />
      <type>
        <code value="Reference" />
        <targetProfile value="https://fhir.nhs.wales/StructureDefinition/DataStandardsWales-Patient" />
      </type>
    </element>
    <element id="List.encounter">
      <path value="List.encounter" />
      <type>
        <code value="Reference" />
        <targetProfile value="https://fhir.nhs.wales/StructureDefinition/DataStandardsWales-Encounter" />
      </type>
      <mustSupport value="true" />
    </element>
    <element id="List.source">
      <path value="List.source" />
      <type>
        <code value="Reference" />
        <targetProfile value="https://fhir.nhs.wales/StructureDefinition/DataStandardsWales-Patient" />
        <targetProfile value="https://fhir.nhs.wales/StructureDefinition/DataStandardsWales-Practitioner" />
        <targetProfile value="https://fhir.nhs.wales/StructureDefinition/DataStandardsWales-PractitionerRole" />
        <targetProfile value="https://fhir.nhs.wales/StructureDefinition/DataStandardsWales-Device" />
      </type>
      <mustSupport value="true" />
    </element>
    <element id="List.note.author[x]">
      <path value="List.note.author[x]" />
      <type>
        <code value="Reference" />
        <targetProfile value="https://fhir.nhs.wales/StructureDefinition/DataStandardsWales-Patient" />
        <targetProfile value="https://fhir.nhs.wales/StructureDefinition/DataStandardsWales-Organization" />
        <targetProfile value="https://fhir.nhs.wales/StructureDefinition/DataStandardsWales-Practitioner" />
        <targetProfile value="https://fhir.hl7.org.uk/StructureDefinition/UKCore-RelatedPerson" />
      </type>
      <type>
        <code value="string" />
      </type>
    </element>
    <element id="List.entry.item">
      <path value="List.entry.item" />
      <type>
        <code value="Reference" />
        <targetProfile value="https://fhir.nhs.wales/StructureDefinition/DataStandardsWales-AllergyIntolerance" />
      </type>
      <mustSupport value="true" />
    </element>
  </differential>
</StructureDefinition>