<StructureDefinition xmlns="http://hl7.org/fhir">
  <id value="DataStandardsWales-PractitionerRole" />
  <url value="https://fhir.nhs.wales/StructureDefinition/DataStandardsWales-PractitionerRole" />
  <version value="1.1.1" />
  <name value="DataStandardsWalesPractitionerRole" />
  <title value="Data Standards Wales Practitioner Role" />
  <status value="active" />
  <experimental value="false" />
  <date value="2023-08-02" />
  <publisher value="NHS Wales" />
  <copyright value="2024 NHS Wales." />
  <fhirVersion value="4.0.1" />
  <kind value="resource" />
  <abstract value="false" />
  <type value="PractitionerRole" />
  <baseDefinition value="https://fhir.hl7.org.uk/StructureDefinition/UKCore-PractitionerRole" />
  <derivation value="constraint" />
  <differential>
    <element id="PractitionerRole.practitioner">
      <path value="PractitionerRole.practitioner" />
      <type>
        <code value="Reference" />
        <targetProfile value="https://fhir.nhs.wales/StructureDefinition/DataStandardsWales-Practitioner" />
      </type>
    </element>
    <element id="PractitionerRole.organization">
      <path value="PractitionerRole.organization" />
      <type>
        <code value="Reference" />
        <targetProfile value="https://fhir.nhs.wales/StructureDefinition/DataStandardsWales-Organization" />
      </type>
    </element>
    <element id="PractitionerRole.specialty">
      <path value="PractitionerRole.specialty" />
      <short value="A unique code identifying each Main Specialty designated by Royal Colleges" />
      <definition value="A unique code identifying each Main Specialty designated by Royal Colleges" />
      <binding>
        <strength value="required" />
      </binding>
    </element>
    <element id="PractitionerRole.location">
      <path value="PractitionerRole.location" />
      <type>
        <code value="Reference" />
        <targetProfile value="https://fhir.nhs.wales/StructureDefinition/DataStandardsWales-Location" />
      </type>
    </element>
    <element id="PractitionerRole.endpoint">
      <path value="PractitionerRole.endpoint" />
      <type>
        <code value="Reference" />
        <targetProfile value="https://fhir.nhs.wales/StructureDefinition/DataStandardsWales-Endpoint" />
      </type>
    </element>
  </differential>
</StructureDefinition>