<StructureDefinition xmlns="http://hl7.org/fhir">
  <id value="DataStandardsWales-Condition" />
  <url value="https://fhir.nhs.wales/StructureDefinition/DataStandardsWales-Condition" />
  <version value="0.0.1" />
  <name value="DataStandardsWalesCondition" />
  <title value="Data Standards Wales Condition" />
  <status value="draft" />
  <experimental value="true" />
  <date value="2025-09-11" />
  <publisher value="NHS Wales" />
  <contact>
    <name value="FHIR Service" />
    <telecom>
      <system value="email" />
      <value value="fhir.standards@wales.nhs.uk" />
      <use value="work" />
      <rank value="1" />
    </telecom>
  </contact>
  <description value="This profile allows recording of detailed information about a condition, problem, diagnosis, or other event, situation, issue, or clinical concept that has risen to a level of concern." />
  <copyright value="2025 NHS Wales" />
  <fhirVersion value="4.0.1" />
  <kind value="resource" />
  <abstract value="false" />
  <type value="Condition" />
  <baseDefinition value="https://fhir.hl7.org.uk/StructureDefinition/UKCore-Condition" />
  <derivation value="constraint" />
  <differential>
    <element id="Condition.identifier.assigner">
      <path value="Condition.identifier.assigner" />
      <type>
        <code value="Reference" />
        <targetProfile value="https://fhir.nhs.wales/StructureDefinition/DataStandardsWales-Organization" />
      </type>
    </element>
    <element id="Condition.subject">
      <path value="Condition.subject" />
      <type>
        <code value="Reference" />
        <targetProfile value="http://hl7.org/fhir/StructureDefinition/Group" />
        <targetProfile value="https://fhir.nhs.wales/StructureDefinition/DataStandardsWales-Patient" />
      </type>
    </element>
    <element id="Condition.encounter">
      <path value="Condition.encounter" />
      <type>
        <code value="Reference" />
        <targetProfile value="https://fhir.nhs.wales/StructureDefinition/DataStandardsWales-Encounter" />
      </type>
    </element>
    <element id="Condition.recorder">
      <path value="Condition.recorder" />
      <type>
        <code value="Reference" />
        <targetProfile value="https://fhir.nhs.wales/StructureDefinition/DataStandardsWales-Practitioner" />
        <targetProfile value="https://fhir.nhs.wales/StructureDefinition/DataStandardsWales-PractitionerRole" />
        <targetProfile value="https://fhir.nhs.wales/StructureDefinition/DataStandardsWales-Patient" />
        <targetProfile value="https://fhir.nhs.wales/StructureDefinition/DataStandardsWales-RelatedPerson" />
      </type>
    </element>
    <element id="Condition.recorder.identifier.assigner">
      <path value="Condition.recorder.identifier.assigner" />
      <type>
        <code value="Reference" />
        <targetProfile value="https://fhir.nhs.wales/StructureDefinition/DataStandardsWales-Organization" />
      </type>
    </element>
    <element id="Condition.asserter">
      <path value="Condition.asserter" />
      <type>
        <code value="Reference" />
        <targetProfile value="https://fhir.nhs.wales/StructureDefinition/DataStandardsWales-Practitioner" />
        <targetProfile value="https://fhir.nhs.wales/StructureDefinition/DataStandardsWales-PractitionerRole" />
        <targetProfile value="https://fhir.nhs.wales/StructureDefinition/DataStandardsWales-Patient" />
        <targetProfile value="https://fhir.nhs.wales/StructureDefinition/DataStandardsWales-RelatedPerson" />
      </type>
    </element>
    <element id="Condition.asserter.identifier.assigner">
      <path value="Condition.asserter.identifier.assigner" />
      <type>
        <code value="Reference" />
        <targetProfile value="https://fhir.nhs.wales/StructureDefinition/DataStandardsWales-Organization" />
      </type>
    </element>
    <element id="Condition.stage.assessment">
      <path value="Condition.stage.assessment" />
      <type>
        <code value="Reference" />
        <targetProfile value="http://hl7.org/fhir/StructureDefinition/ClinicalImpression" />
        <targetProfile value="https://fhir.nhs.wales/StructureDefinition/DataStandardsWales-DiagnosticReport" />
        <targetProfile value="https://fhir.nhs.wales/StructureDefinition/DataStandardsWales-Observation" />
      </type>
    </element>
    <element id="Condition.stage.assessment.identifier.assigner">
      <path value="Condition.stage.assessment.identifier.assigner" />
      <type>
        <code value="Reference" />
        <targetProfile value="https://fhir.nhs.wales/StructureDefinition/DataStandardsWales-Organization" />
      </type>
    </element>
    <element id="Condition.evidence.detail.identifier.assigner">
      <path value="Condition.evidence.detail.identifier.assigner" />
      <type>
        <code value="Reference" />
        <targetProfile value="https://fhir.nhs.wales/StructureDefinition/DataStandardsWales-Organization" />
      </type>
    </element>
    <element id="Condition.note.author[x]">
      <path value="Condition.note.author[x]" />
      <type>
        <code value="Reference" />
        <targetProfile value="https://fhir.nhs.wales/StructureDefinition/DataStandardsWales-Organization" />
        <targetProfile value="https://fhir.nhs.wales/StructureDefinition/DataStandardsWales-RelatedPerson" />
        <targetProfile value="https://fhir.nhs.wales/StructureDefinition/DataStandardsWales-Patient" />
        <targetProfile value="https://fhir.nhs.wales/StructureDefinition/DataStandardsWales-Practitioner" />
      </type>
      <type>
        <code value="string" />
      </type>
    </element>
  </differential>
</StructureDefinition>