<StructureDefinition xmlns="http://hl7.org/fhir">
  <id value="DataStandardsWales-MedicationStatement" />
  <url value="https://fhir.nhs.wales/StructureDefinition/DataStandardsWales-MedicationStatement" />
  <version value="1.0.0" />
  <name value="DataStandardsWalesMedicationStatement" />
  <title value="Data Standards Wales Medication Statement" />
  <status value="active" />
  <experimental value="false" />
  <date value="2023-08-02" />
  <publisher value="NHS Wales" />
  <copyright value="2023 NHS Wales." />
  <fhirVersion value="4.0.1" />
  <kind value="resource" />
  <abstract value="false" />
  <type value="MedicationStatement" />
  <baseDefinition value="https://fhir.hl7.org.uk/StructureDefinition/UKCore-MedicationStatement" />
  <derivation value="constraint" />
  <differential>
    <element id="MedicationStatement.extension">
      <path value="MedicationStatement.extension" />
      <slicing>
        <discriminator>
          <type value="value" />
          <path value="url" />
        </discriminator>
        <rules value="open" />
      </slicing>
      <min value="0" />
    </element>
    <element id="MedicationStatement.extension:medicationCourseOfTherapyType">
      <path value="MedicationStatement.extension" />
      <sliceName value="medicationCourseOfTherapyType" />
      <short value="An indicator of the overall pattern of medication administration" />
      <definition value="An extension to carry an indicator of the overall pattern of medication administration at the MedicationStatement level." />
      <comment value="An extension to carry an indicator of the overall pattern of medication administration at the MedicationStatement level." />
      <min value="0" />
      <type>
        <code value="Extension" />
        <profile value="https://fhir.nhs.wales/StructureDefinition/Extension-DataStandardsWales-MedicationCourseOfTherapyType" />
      </type>
      <mustSupport value="true" />
      <isModifier value="false" />
    </element>
    <element id="MedicationStatement.basedOn">
      <path value="MedicationStatement.basedOn" />
      <type>
        <code value="Reference" />
        <targetProfile value="https://fhir.hl7.org.uk/StructureDefinition/UKCore-CarePlan" />
        <targetProfile value="https://fhir.hl7.org.uk/StructureDefinition/UKCore-ServiceRequest" />
        <targetProfile value="https://fhir.nhs.wales/StructureDefinition/DataStandardsWales-MedicationRequest" />
      </type>
    </element>
    <element id="MedicationStatement.partOf">
      <path value="MedicationStatement.partOf" />
      <type>
        <code value="Reference" />
        <targetProfile value="https://fhir.hl7.org.uk/StructureDefinition/UKCore-Observation" />
        <targetProfile value="https://fhir.hl7.org.uk/StructureDefinition/UKCore-Procedure" />
        <targetProfile value="https://fhir.nhs.wales/StructureDefinition/DataStandardsWales-MedicationDispense" />
        <targetProfile value="https://fhir.nhs.wales/StructureDefinition/DataStandardsWales-MedicationStatement" />
        <targetProfile value="https://fhir.nhs.wales/StructureDefinition/DataStandardsWales-MedicationAdministration" />
      </type>
    </element>
    <element id="MedicationStatement.status">
      <path value="MedicationStatement.status" />
      <mustSupport value="true" />
    </element>
    <element id="MedicationStatement.category">
      <path value="MedicationStatement.category" />
      <mustSupport value="true" />
    </element>
    <element id="MedicationStatement.medication[x]">
      <path value="MedicationStatement.medication[x]" />
      <type>
        <code value="CodeableConcept" />
      </type>
      <type>
        <code value="Reference" />
        <targetProfile value="https://fhir.nhs.wales/StructureDefinition/DataStandardsWales-Medication" />
      </type>
      <mustSupport value="true" />
    </element>
    <element id="MedicationStatement.subject">
      <path value="MedicationStatement.subject" />
      <type>
        <code value="Reference" />
        <targetProfile value="http://hl7.org/fhir/StructureDefinition/Group" />
        <targetProfile value="https://fhir.nhs.wales/StructureDefinition/DataStandardsWales-Patient" />
      </type>
      <mustSupport value="true" />
    </element>
    <element id="MedicationStatement.context">
      <path value="MedicationStatement.context" />
      <mustSupport value="true" />
    </element>
    <element id="MedicationStatement.dateAsserted">
      <path value="MedicationStatement.dateAsserted" />
      <mustSupport value="true" />
    </element>
    <element id="MedicationStatement.informationSource">
      <path value="MedicationStatement.informationSource" />
      <type>
        <code value="Reference" />
        <targetProfile value="https://fhir.hl7.org.uk/StructureDefinition/UKCore-RelatedPerson" />
        <targetProfile value="https://fhir.nhs.wales/StructureDefinition/DataStandardsWales-Organization" />
        <targetProfile value="https://fhir.nhs.wales/StructureDefinition/DataStandardsWales-Patient" />
        <targetProfile value="https://fhir.nhs.wales/StructureDefinition/DataStandardsWales-Practitioner" />
        <targetProfile value="https://fhir.nhs.wales/StructureDefinition/DataStandardsWales-PractitionerRole" />
      </type>
      <mustSupport value="true" />
    </element>
    <element id="MedicationStatement.dosage">
      <path value="MedicationStatement.dosage" />
      <short value="How the medication is/was taken or should be taken" />
      <definition value="Indicates how the medication is/was taken or should be taken by the patient." />
      <type>
        <code value="Dosage" />
        <profile value="https://fhir.nhs.wales/StructureDefinition/DataStandardsWales-Dosage" />
      </type>
      <mustSupport value="true" />
    </element>
  </differential>
</StructureDefinition>