<?xml version="1.0" encoding="utf-8"?>
<StructureDefinition xmlns="http://hl7.org/fhir">
  <id value="DataStandardsWales-Encounter" />
  <url value="https://fhir.nhs.wales/StructureDefinition/DataStandardsWales-Encounter" />
  <version value="0.1.0" />
  <name value="DataStandardsWalesEncounter" />
  <title value="Data Standards Wales Encounter" />
  <status value="draft" />
  <experimental value="true" />
  <date value="2023-05-24" />
  <publisher value="NHS Wales" />
  <copyright value="2023 NHS Wales." />
  <fhirVersion value="4.0.1" />
  <kind value="resource" />
  <abstract value="false" />
  <type value="Encounter" />
  <baseDefinition value="https://fhir.hl7.org.uk/StructureDefinition/UKCore-Encounter" />
  <derivation value="constraint" />
  <differential>
    <element id="Encounter.extension:dischargeMethod">
      <path value="Encounter.extension" />
      <sliceName value="dischargeMethod" />
      <mustSupport value="true" />
    </element>
    <element id="Encounter.extension:emergencyCareDischargeStatus">
      <path value="Encounter.extension" />
      <sliceName value="emergencyCareDischargeStatus" />
      <mustSupport value="true" />
    </element>
    <element id="Encounter.extension:OutcomeOfAttendance">
      <path value="Encounter.extension" />
      <sliceName value="OutcomeOfAttendance" />
      <mustSupport value="true" />
    </element>
    <element id="Encounter.subject">
      <path value="Encounter.subject" />
      <type>
        <code value="Reference" />
        <targetProfile value="http://hl7.org/fhir/StructureDefinition/Group" />
        <targetProfile value="https://fhir.nhs.wales/StructureDefinition/DataStandardsWales-Patient" />
      </type>
    </element>
    <element id="Encounter.participant.individual">
      <path value="Encounter.participant.individual" />
      <type>
        <code value="Reference" />
        <targetProfile value="https://fhir.hl7.org.uk/StructureDefinition/UKCore-RelatedPerson" />
        <targetProfile value="https://fhir.nhs.wales/StructureDefinition/DataStandardsWales-Practitioner" />
        <targetProfile value="https://fhir.nhs.wales/StructureDefinition/DataStandardsWales-PractitionerRole" />
      </type>
    </element>
    <element id="Encounter.reasonReference">
      <path value="Encounter.reasonReference" />
      <type>
        <code value="Reference" />
        <targetProfile value="http://hl7.org/fhir/StructureDefinition/Condition" />
        <targetProfile value="http://hl7.org/fhir/StructureDefinition/Procedure" />
        <targetProfile value="http://hl7.org/fhir/StructureDefinition/ImmunizationRecommendation" />
        <targetProfile value="https://fhir.nhs.wales/StructureDefinition/DataStandardsWales-Observation" />
      </type>
    </element>
    <element id="Encounter.hospitalization">
      <path value="Encounter.hospitalization" />
      <mustSupport value="true" />
    </element>
    <element id="Encounter.hospitalization.extension:admissionMethod">
      <path value="Encounter.hospitalization.extension" />
      <sliceName value="admissionMethod" />
      <mustSupport value="true" />
    </element>
    <element id="Encounter.hospitalization.origin">
      <path value="Encounter.hospitalization.origin" />
      <type>
        <code value="Reference" />
        <targetProfile value="https://fhir.nhs.wales/StructureDefinition/DataStandardsWales-Organization" />
        <targetProfile value="https://fhir.nhs.wales/StructureDefinition/DataStandardsWales-Location" />
      </type>
    </element>
    <element id="Encounter.hospitalization.admitSource">
      <path value="Encounter.hospitalization.admitSource" />
      <mustSupport value="true" />
    </element>
    <element id="Encounter.hospitalization.destination">
      <path value="Encounter.hospitalization.destination" />
      <type>
        <code value="Reference" />
        <targetProfile value="https://fhir.nhs.wales/StructureDefinition/DataStandardsWales-Organization" />
        <targetProfile value="https://fhir.nhs.wales/StructureDefinition/DataStandardsWales-Location" />
      </type>
      <mustSupport value="true" />
    </element>
    <element id="Encounter.location.location">
      <path value="Encounter.location.location" />
      <type>
        <code value="Reference" />
        <targetProfile value="https://fhir.nhs.wales/StructureDefinition/DataStandardsWales-Location" />
      </type>
    </element>
    <element id="Encounter.serviceProvider">
      <path value="Encounter.serviceProvider" />
      <type>
        <code value="Reference" />
        <targetProfile value="https://fhir.nhs.wales/StructureDefinition/DataStandardsWales-Organization" />
      </type>
    </element>
    <element id="Encounter.partOf">
      <path value="Encounter.partOf" />
      <type>
        <code value="Reference" />
        <targetProfile value="https://fhir.nhs.wales/StructureDefinition/DataStandardsWales-Encounter" />
      </type>
    </element>
  </differential>
</StructureDefinition>